"","igraph.degree","igraph.closeness","igraph.betweenness","igraph.cen.degree"
"GGAATATTGGACAATGGGCGCAAGCCTGATCCAGCAATGCCGCGTGAGTGATGAAGGCCCTAGGGTTGTAAAGCTCTTTTACCCGGGATGATAATGACAGTACCGGGAGAATAAGCCCCGGCTAACTCCGTGCCAGCAGCCGCGGTAATACGGAGGGGGCTAGCGTTGTTCGGAATTACTGGGCGTAAAGCGCACGTAGGCGGCTTTGCAAGTCAGAGGTGAAAGCCCGGGGCTCAACCCCGGAATTGCCTTTGAGACTGCATCGCTAGAACGTCGGAGAGGTAAGTGGAATTCCGAGTGTAGAGGTGAAATTCGTAGATATTCGGAAGAACACCAGTGGCGAAGGCGACTTACTGGACGACCGTTGACGCTGAGGTGCGAAAGCGTGGGGAGCAAACAGGATTAGAAACC",29,0.464419475655431,344.310535856949,29
"GGAATATTGGACAATGGGCGAAAGCCTGATCCAGCAATGCCGCGTGAGTGATGAAGGCCTTAGGGTTGTAAAGCTCTTTTACCCGGGATGATAATGACAGTACCGGGAGAATAAGCCCCGGCTAACTCCGTGCCAGCAGCCGCGGTAATACGGAGGGGGCTAGCGTTGTTCGGAATTACTGGGCGTAAAGCGCACGTAGGCGGCTTTGCAAGTCAGAGGTGAAAGCCCGGGGCTCAACCCCGGAATTGCCTTTGAGACTGCATCGCTAGAACGTCGGAGAGGTAAGTGGAATTCCGAGTGTAGAGGTGAAATTCGTAGATATTCGGAAGAACACCAGTGGCGAAGGCGACTTACTGGACGACCGTTGACGCTGAGGTGCGAAAGCGTGGGGAGCAAACAGGATTAGAAACC",6,0.288372093023256,22.9071224695621,6
"GGAATATTGGACAATGGGCGAAAGCCTGATCCAGCAATGCCGCGTGAGTGATGAAGGCCTTAGGGTTGTAAAGCTCTTTTACCCGGGATGATAATGACAGTACCGGGAGAATAAGCCCCGGCTAACTCCGTGCCAGCAGCCGCGGTAATACGGAGGGGGCTAGCGTTGTTCGGAATTACTGGGCGTAAAGCGCACGTAGGCGGCTTTGTAAGTTAGAGGTGAAAGCCCGGAGCTCAACTCCGGAACTGCCTTTAAGACTGCATCGCTAGAACGTCGGAGAGGTAAGTGGAATTCCGAGTGTAGAGGTGAAATTCGTAGATATTCGGAAGAACACCAGTGGCGAAGGCGACTTACTGGACGACTGTTGACGCTGAGGTGCGAAAGCGTGGGGAGCAAACAGGATTAGATACC",7,0.289044289044289,23.7856938981336,7
"GGAATATTGGACAATGGGCGAAAGCCTGATCCAGCAATGCCGCGTGAGTGATGAAGGCCTTAGGGTTGTAAAGCTCTTTTACCCGGGATGATAATGACAGTACCGGGAGAATAAGCCCCGGCTAACTCCGTGCCAGCAGCCGCGGTAATACGGAGGGGGCTAGCGTTGTTCGGAATTACTGGGCGTAAAGCGCACGTAGGCGGCGATTTAAGTCAGAGGTGAAAGCCCGGGGCTCAACCCCGGAATAGCCTTTGAGACTGGATTGCTTGAACATCGGAGAGGTGAGTGGAATTCCGAGTGTAGAGGTGAAATTCGTAGATATTCGGAAGAACACCAGTGGCGAAGGCGGCTCACTGGACGATTGTTGACGCTGAGGTGCGAAAGCGTGGGGAGCAAACAGGATTAGAAACC",22,0.410596026490066,10.1294253119674,22
"GGAATATTGGACAATGGGCGAAAGCCTGATCCAGCAATGCCGCGTGAGTGATGAAGGCCTTAGGGTTGTAAAGCTCTTTTACCCGGGATGATAATGACAGTACCGGGAGAATAAGCCCCGGCTAACTCCGTGCCAGCAGCCGCGGTAATACGGAGGGGGCTAGCGTTGTTCGGAATTACTGGGCGTAAAGCGCACGTAGGCGGCTTTGTAAGTTAGAGGTGAAAGCCCGGGGCTCAACCCCGGAATTGCCTTTAAGACTGCATCGCTTGAATCCGGGAGAGGTGAGTGGAATTCCGAGTGTAGAGGTGAAATTCGTAGATATTCGGAAGAACACCAGTGGCGAAGGCGGCTCACTGGACCGGTATTGACGCTGAGGTGCGAAAGCGTGGGGAGCAAACAGGATTAGAAACC",12,0.317948717948718,209.482191795943,12
"GGAATATTGGACAATGGGCGAAAGCCTGATCCAGCAATGCCGCGTGAGTGAAGAAGGCCTTAGGGTTGTAAAGCTCTTTTACCCGGGATGATAATGACAGTACCGGGAGAATAAGCCCCGGCTAACTCCGTGCCAGCAGCCGCGGTAATACGGAGGGGGCTAGCGTTGTTCGGAATCACTGGGCGTAAAGCGCACGTAGGCGGCTTTCCAAGTCAGGGGTGAAATCCCGGGGCTTAACCCCGGAATTGCCTTTGAAACTGGATCGCTTGAATCTGGGAGAGGTGAGTGGAATTCCGAGTGTAGAGGTGAAATTCGTAGATATTCGGAAGAACACCAGTGGCGAAGGCGGCTCACTGGACCAGTATTGACGCTGAGGTGCGAAAGCGTGGGGAGCAAACAGGATTAGATACC",25,0.444444444444444,76.3066021482751,25
"GGAATCTTCCACAATGGGCGGAAGCCTGATGGAGCGACACTGCGTGAAGGATGAAGGCCTTCGGGTCGTAAACTTCTAAAAGAGGGACGAATGCTGACGGTACCTCTTGATCAGCACCGGCTAACTCCGTGCCAGCAGCCGCGGTAATACGGAGGGTGCGAGCGTTATCCGGAATCACTGGGCGTAAAGGGCGCGTAGGCGGTTTGTTAAGTCCGTTGTCAAATCCCGGGGCTCAACCCCGGTTCGGCAGTGGGTACTGGCAGGCTCGACGGCTGGAGAGGCGAGTGGAATTACCAGTGTAGCGGTGGAATGCGTAGATACTGGTAGGAACACCCATGGCGAAGGCAGCTCGCTGGACAGCTCGTGACGCTGAGGCGCGAAAGTGTGGGGAGCGAACCGGATTAGATACC",15,0.322916666666667,28.5770174151182,15
"GGAATCTTCCACAATGGGCGAAAGCCTGATGGAGCAACGCCGCGTGCAGGATGAAGGCCTTCGGGTTGTAAACTGCTTTTATAAGTGAAGAATATGACGGTAACTTATGAATAAGCACCGGCTAACTACGTGCCAGCAGCCGCGGTCATACGTAGGGTGCAAGCATTATCCGGAGTGACTGGGCGTAAAGAGTTGCGTAGGTGGTTTGTTAAGTGAGTAGTGAAAGCTAGCGGCTCAACCGTATAGATTATTATTCAAACTGGCAAACTCGAGAATGGTAGAGGTAACTGGAATTTCTTGTGTAGGAGTGAAATCCGTAGATATAAGAAGGAACACCAATGGCGTAGGCAGGTTACTGGACCATTTCTGACACTGAGGCACGAAAGCGTGGGGAGCGAACGGGATTAGATACC",7,0.289044289044289,23.7856938981336,7
"GGAATCTTCCACAATGGGCGAAAGCCTGATGGAGCAACGCCGCGTGCAGGATGAAGGCCTTCGGGTTGTAAACTGCTTTTATAAGTGAAGAATATGACGGTAACTTATGAATAAGCACCGGCTAACTACGTGCCAGCAGCCGCGGTCATACGTAGGGTGCAAGCATTATCCGGAGTGACTGGGCGTAAAGAGTTGCGTAGGTGGTTTGTTAAGTAGGTAGTGAAATCTGGCGGCTCAACCGTACAGGCTATTACCTAAACTGGCAAACTCGAGAATGGTAGAGGTAACTGGAATTTCTTGTGTAGGAGTGAAATCCGTAGATATAAGAAGGAACACCAATGGCGTAGGCAGGTTACTGGACCATTTCTGACACTGAGGCACGAAAGCGTGGGGAGCGAACGGGATTAGAAACC",21,0.316326530612245,1.87209961619702,21
"GGAATCTTCCACAATGGGCGAAAGCCTGATGGAGCGACGCCGCGTGCAGGATGAAGGCCTTCGGGTTGTAAACTGCTTTTATAAGTGAAGAATATGACGGTAACTTATGAATAAGCACCGGCTAACTACGTGCCAGCAGCCGCGGTCATACGTAGGGTGCAAGCATTATCCGGAGTGACTGGGCGTAAAGAGTTGCGTAGGTGGTTTGTTAAGTGAATAGTGAAATCTGGTGGCTCAACCACACAGACTATTATTCAAACTGGCAAACTCGAGAATAGCAGAGGTAACTGGAATTTCTAGTGTAGGAGTGAAATCCGTAGATATTAGAAGGAACACCAATGGCGTAGGCAGGTTACTGGGCTATTTCTGACACTAAGGCACGAAAGCGTGGGGAGCGAACCGGATTAGAAACC",18,0.320413436692506,10.6668878622742,18
"GGGATATTGCACAATGGGCGCAAGCCTGATGCAGCAACGCCGCGTGCCCGATGAAGGCCTTCGGGTCGTAAAGGGCTTTTCTGGCTGACGAGCAAGGACGGTAGGCCAGGAATAAGTGTCGGCTAACTACGTGCCAGCAGCCGCGGTAAAACGTAGGACGCAAGCGTTATCCGGAGTTACTGGGCGTAAAGCGCGGGCAGGCGGTGTCGCACGTTGGACGTGAAAGCGCCCGGCTCAACCGGGCGAGGCCGTTCGATACGGCGGCACTGGAAGGCAGCAGAGGTGGGTGGAATTCCGGGTGGAGTGGTGAAATGCGTAGAGATCCGGAGGAACACCAGAGGCGAAAGCGGCCCACTGGGCTGCCCTTGACGCTGAGCCGCGAAAGCCAGGGGAGCGAACGGGATTAGAAACC",16,0.348314606741573,50.4231783169456,16
"GGGATATTGCGCAATGGGCGAAAGCCTGACGCAGCGACGCCGCGTGGGTGATGAAGGTCTTCGGATCGTAAAACCCTTTTCTGCGTGACGATGATGACGGTAGCGCAGGAATAAGTGTCGGCTAACTACGTGCCAGCAGCCGCGGTAAAACGTAGGACGCAAACGTTATCCGGAATTACTGGGCGTAAAGGGCGCGCAGGCGGTTGGATAAGTGAGGCATGAAAGCCCCATGGCTAAACCTGGGGAGGTTGTCTGAGACTGTCTGACTAGAGTACGATAGAGGGGTGTAGAATTCCGCGTGTAGTGGTGAAATGCGTAGAGATGCGGAGGAATACCAGAGGCGAAGGCGGCACCCTGGATCGAAACTGACGCTGAGGCGCGAAAGCATGGGTAGCGAACGGGATTAGAAACC",30,0.452554744525547,146.91723028722,30
"GGGATATTGCGCAATGGGCGAAAGCCTGACGCAGCGACGCCGCGTGGGTGATGAAGGTCTTCGGATCGTAAAACCCTTTTCTGCGTGACGATGATGACGGTAGCGCAGGAATAAGTGTCGGCTAACTACGTGCCAGCAGCCGCGGTAAAACGTAGGACGCAAACGTTATCCGGAATTACTGGGCGTAAAGGGCGCGCAGGCGGTTGGATAAGTGAGGCATGAAAGCCCCATGGCTAAACCTGGGGAGGTTGTCTGAGACTGTCTGACTAGAGTACGATAGAGGGGTGTAGAATTCCGCGTGTAGTGGTGAAATGCGTAGAGATGCGGAGGAATACCAGAGGCGAAGGCGGCACCCTGGATCGAAACTGACGCTGAGGCGCGAAAGCATGGGTAGCGAACGGGATTAGATACC",24,0.403908794788274,13.7328056103564,24
"GGGATATTGCGCAATGGGCGAAAGCCTGACGCAGCGACGCCGCGTGGGTGATGAAGGTCTTCGGATCGTAAAACCCTTTTCTGCGTGACGATGATGACGGTAGCGCAGGAATAAGTGTCGGCTAACTACGTGCCAGCAGCCGCGGTAAAACGTAGGACGCAAACGTTATCCGGAATTACTGGGCGTAAAGGGCGCGCAGGCGGTTGGGTAAGTGAGGCATGAAAGCCCCATGGCTAAACCTGGGGAGGTTGTCTGATACTGCCCGACTAGAGTACGATAGAGGGGTGTAGAATTCCGCGTGTAGTGGTGAAATGCGTAGAGATGCGGAGGAATACCAGAGGCGAAGGCGGCACCCTGGATCGAAACTGACGCTGAGGCGCGAAAGCATGGGTAGCGAACGGGATTAGAAACC",16,0.322916666666667,1.64991364770243,16
"GGAATCTTCCACAATGGGGGCAACCCTGATGGAGCAACGCCGCGTGCAGGATGAAGGTTTTCGGATCGTAAACTGCTTTTATGAGTGAAGAATATGACGGTAACTCATGAATAAGGGTCGGCTAACTACGTGCCAGCAGCCGCGGTCATACGTAGGACCCAAGCGTTATCCGGAGTGACTGGGCGTAAAGAGTTGCGTAGGTGGTCAGTAAAGCGAATGGTGAAATCTGGGGGCTCAACCTCACAGACTATTATTCGAACTCACTGACTCGAGAACAGCAGAGGTAACTGGAATTTCTGAAGTAGGGGTAATATCCGTAGATATCAGAAGGAACACCAATGGCGTAGGCAGGTTACTGGGCTGTTTCTGACACTGAGGCACGAAAGCGTGGGGAGCGAACCGGATTAGATACC",18,0.358381502890173,333.237713777412,18
"GGAATATTGCACAATGGGCGGAAGCCTGATGCAGCGACGCCGCGTGAGGGATGACGGCCTTCGGGTTGTAAACCTCTTTCAGCAGGGACGAAGCGTAAGTGACGGTACCTGCAGAAGAAGCGCCGGCCAACTACGTGCCAGCAGCCGCGGTAAGACGTAGGGCGCGAGCGTTGTCCGGATTTATTGGGCGTAAAGAGCTCGTAGGCGGCTTGTCGCGTCGACTGTGAAAACCCGCAGCTCAACTGCGGGCCTGCAGTCGATACGGGCAGGCTAGAGTTCGGTAGGGGAGACTGGAATTCCTGGTGTAGCGGTGAAATGCGCAGATATCAGGAGGAACACCGGTGGCGAAGGCGGGTCTCTGGGCCGATACTGACGCTGAGGAGCGAAAGCGTGGGGAGCGAACAGGATTAGAAACC",21,0.316326530612245,2.04926716122027,21
"GGAATATTGCACAATGGGCGGAAGCCTGATGCAGCGACGCCGCGTGAGGGATGACGGCCTTCGGGTTGTAAACCTCTTTCAGCAGGGACGAAGCGCAAGTGACGGTACCTGCAGAAGAAGCGCCGGCCAACTACGTGCCAGCAGCCGCGGTAAGACGTAGGGCGCGAGCGTTGTCCGGATTTATTGGGCGTAAAGAGCTCGTAGGCGGTTTGTCGCGTCGACTGTGAAAACCCACAGCTTAACTGTGGGCTTGCAGCCGATACGGGCAGGCTAGAGTTCGGTAGGGGAGACTGGAATTCCTGGTGTAGCGGTGAAATGCGCAGATATCAGGAGGAACACCGGTGGCGAAGGCGGGTCTCTGGGCCGATACTGACGCTGAGGAGCGAAAGCGTGGGGAGCGAACAGGATTAGAAACC",25,0.4,423.885833295909,25
"GGAATATTGCACAATGGGCGGAAGCCTGATGCAGCGACGCCGCGTGAGGGATGACGGCCTTCGGGTTGTAAACCTCTTTCAGCAGGGACGAAGCGTAAGTGACGGTACCTGCAGAAGAAGCGCCGGCCAACTACGTGCCAGCAGCCGCGGTAAGACGTAGGGCGCGAGCGTTGTCCGGATTTATTGGGCGTAAAGAGCTCGTAGGCGGCTTGTCGCGTCGGCTGTGAAATCCCGTGGCTCAACTGCGGGCTTGCAGCCGATACGGGCAGGCTAGAGTTCGGTAGGGGAGACTGGAATTCCTGGTGTAGCGGTGAAATGCGCAGATATCAGGAGGAACACCGGTGGCGAAGGCGGGTCTCTGGGCCGATACTGACGCTGAGGAGCGAAAGCGTGGGGAGCGAACAGGATTAGAAACC",32,0.429065743944637,22.6731165766909,32
"GGAATATTGCACAATGGGCGGAAGCCTGATGCAGCGACGCCGCGTGAGGGATGACGGCCTTCGGGTTGTAAACCTCTTTCAGCAGGGACGAAGCGTAAGTGACGGTACCTGCAGAAGAAGCGCCGGCCAACTACGTGCCAGCAGCCGCGGTAAGACGTAGGGCGCGAGCGTTGTCCGGATTTATTGGGCGTAAAGAGCTCGTAGGCGGCTTGTCGCGTCGGTTGTGAAAGCCCGGGGCTTAACCCCGGGTCTGCAGTCGATACGGGCAGGCTAGAGTTCGGTAGGGGAGATCGGAATTCCTGGTGTAGCGGTGAAATGCGCAGATATCAGGAGGAACACCGGTGGCGAAGGCGGATCTCTGGGCCGATACTGACGCTGAGGAGCGAAAGCGTGGGGAGCGAACAGGATTAGAAACC",2,0.306172839506173,64.5664074495423,2
"GGAATCTTGCGCAATGGGCGAAAGCCTGACGCAGCGACGCCGCGTGTGGGATGACGGCCTTCGGGTTGTAAACCACTGTCGGGAGGGACGAAGCTCTGACGGTACCTCCAAAGGAAGCACCGGCTAACTCTGTGCCAGCAGCCGCGGTAATACAGAGGGTGCGAGCGTTGTCCGGAATCACTGGGCGTAAAGGGCGCGTAGGCGGCCTGGTAAGTAGGGGGTGAAATCCTGCGGCTCAACCGCAGGGCTGCCTTCTAAACTGCCAGGCTGGAGCACGGTAGAGGCAGATGGAATTCCCGGTGTAGCGGTGGAATGCGTAGAGATCGGGAAGAACACCAGTGGCGAAGGCGGTCTGCTGGGCCGTTGCTGACGCTGAGGCGCGATAGCGTGGGGAGCAAACAGGATTAGAAACC",33,0.454212454212454,1058.03123006391,33
"GGAATCTTGCGCAATGGGCGAAAGCCTGACGCAGCGACGCCGCGTGTGGGATGACGGCCTTCGGGTTGTAAACCACTGTCGGGAGGGACGAAGCTCTGACGGTACCTCCAAAGGAAGCACCGGCTAACTCTGTGCCAGCAGCCGCGGTAATACAGAGGGTGCGAGCGTTGTCCGGAATCACTGGGCGTAAAGGGCGCGTAGGCGGCCTGGTAAGTAGGGGGTGAAATCCTGCGGCTCAACCGCAGGGCTGCCTTCTAAACTGCCAGGCTGGAGCACGGTAGAGGCAGATGGAATTCCCGGTGTAGCGGTGGAATGCGTAGAGATCGGGAAGAACACCAGTGGCGAAGGCGGTCTGCTGGGCCGTTGCTGACGCTGAGGCGCGATAGCGTGGGGAGCAAACAGGATTAGATACC",29,0.438162544169611,229.532385781812,29
"GGAATATTGCGCAATGGGCGAAAGCCTGACGCAGCGACGCCGCGTGCGGGATGAAGGCCTTCGGGTTGTAAACCGCTGTCGGGAGGGACGAAGTTCTGACGGTACCTCCAAAGGAAGCACCGGCTAACTCTGTGCCAGCAGCCGCGGTAATACAGAGGGTGCGAGCGTTGTCCGGAATCACTGGGCGTAAAGGGCGCGTAGGCGGCCTGGTAAGTAGGGGGTGAAATGCTGCGGCTCAACCGCAGCGCTGCCTTCTAAACTGTCAGGCTGGAGCACAGTAGAGGCAGGTGGAATTCCCGGTGTAGCGGTGGAATGCGTAGAGATCGGGAAGAACATCAGTGGCGAAGGCGGCCTGCTGGGCTGTTGCTGACGCTGAGGCGCGAAAGCGTGGGGAGCAAACAGGATTAGAAACC",31,0.46969696969697,268.464161830171,31
"GGAATCTTGCGCAATGGGCGAAAGCCTGACGCAGCGACGCCGCGTGTGGGATGAAGGCCTTCGGGTCGTAAACCACTGTCGCGAGGGACGAATAAATTGACGGTACCTCGAAAGGAAGCACCGGCTAACTCTGTGCCAGCAGCCGCGGTAATACAGAGGGTGCGAGCGTTGTCCGGAATCACTGGGCGTAAAGGGCGCGTAGGTGGCTCTATAAGTCGGGGGTGAAATGCTGCGGCTCAACCGCAGCGCTGCCTCCGAGACTGTAGGGCTCGAGCACGGTAGAGGCCGATGGAATTCCCGGTGTAGCGGTGGAATGCGTAGAGATCGGGAAGAACACCAATGGCGAAGGCAGTCGGCTGGGCCGTTGCTGACACTGAGGCGCGACAGCGTGGGGAGCAAACAGGATTAGAAACC",18,0.311557788944724,1.10135999287293,18
"GGAATCTTGCGCAATGGGCGAAAGCCTGACGCAGCGACGCCGCGTGTGGGATGAAGGCCTTCGGGTCGTAAACCACTGTCGCGAGGGACGAATAAATTGACGGTACCTCGAAAGGAAGCACCGGCTAACTCTGTGCCAGCAGCCGCGGTAATACAGAGGGTGCGAGCGTTGTCCGGAATCACTGGGCGTAAAGGGCGCGTAGGTGGCTCTATAAGTCGGGGGTGAAATGCTGCGGCTCAACCGCAGCGCTGCCTCCGAGACTGTAGGGCTCGAGCACGGTAGAGGCCGATGGAATTCCCGGTGTAGCGGTGGAATGCGTAGAGATCGGGAAGAACACCAATGGCGAAGGCAGTCGGCTGGGCCGTTGCTGACACTGAGGCGCGACAGCGTGGGGAGCAAACAGGATTAGATACC",26,0.446043165467626,400.469413202878,26
"GGAATCTTGCGCAATGGGCGAAAGCCTGACGCAGCGACGCCGCGTGTGGGATGAAGGTCTTCGGATCGTAAACCACTGTCGGGAGGGACGAATTCTTGACGGTACCTCCAAAGGAAGCACCGGCTAACTCTGTGCCAGCAGCCGCGGTAATACAGAGGGTGCGAGCGTTGTCCGGAATCACTGGGCGTAAAGGGCGCGTAGGCGGCGTCGTAAGTCGGGGGTGAAATGCTGCGGCTCAACCGCAGCGCTGCCTTCGAGACTGCGAGGCTTGAGCACGGTAGAGGCGGATGGAATTCCCGGTGTAGCGGTGGAATGCGTAGAGATCGGGAAGAACACCGATGGCGAAGGCAGTCCGCTGGGCCGTTGCTGACGCTGAGGCGCGACAGCGTGGGGAGCAAACAGGATTAGAAACC",18,0.402597402597403,4.15246590579841,18
"GGAATATTCCACAATGGGGGCAACCCTGATGGAGCAACGCCGCGTGGAGGATGAAGGTCTTCGGATTGTAAACTTCTTTTCTCTGCGATGAATATGACAGTAACAGAGGAATAAGGGTCTGCTAACTACGTGCCAGCAGCCGCGGTCATACGTAGGACCCAAGCGTTATCCGGATTGACTGGGCGTAAAGAGTTGCGTAGGTGGTTTGTTAAGCGAATAGTGAAATCTTGTGGCTCAACCATAAGGCTATTATTCGAACTGGCAAACTCGAGAACAGGAGAGGTATCTGGAATTCCCAGTGTAGGAGTGAAATCCGTAGATATTGGGAGGAACACCAATGGCGTAGGCAGGATACTGGACTGTTTCTGACACTAAGGCACGAAAGCGTGGGGAGCGAACTGGATTAGATACC",25,0.429065743944637,55.8590522451287,25
"GGAATATTCCACAATGGGCGAAAGCCTGATGGAGCAACGCCGCGTGGAGGATGAAGGCCCTCGGGTCGTAAACTTCTTTTCTCTGTGATGAATATGACAGTAGCAGAGGAATAAGGGTCTGCTAACTACGTGCCAGCAGCCGCGGTCATACGTAGGACCCAAGCGTTATTCGGATTGATTGGGCGTAAAGAGTTGCGTAGGTGGTTTGTTAAGCGAATAGTGAAATCTTGTGGCTCAACCATAAGGCTATTATTCGAACTAGCAGACTCGAGAATGGGAGAGGTATCTGGAATTTCTAATGTAGGGGTAATATCCGTAGATATTAGAAGGAACACCAATGGCGTAGGCAGGATACTGGCCCATTTCTGACACTAAGGCACGAAAGCGTGGGGAGCGAACCGGATTAGAAACC",18,0.369047619047619,32.7832500740688,18
"GGAATTTTCCACAATGGGCGAAAGCCTGATGGAGCAACGCCGCGTGCAGGATGAATGCCTTCGGGTTGTAAACTGCTTTTATTAGTGACGATTATGACGGTAACTAATGAATAAGGACCTGCTAACTACGTGCCAGCAGCCGCGGTCATACGTAGGGTCCAAGCGTTATCCGGAATTACTGGGCGTAAAGAGTTGCGTAGGTGGCAGAGTAAGTAGATAGTGAAAGCGTGTGGCTCAACCATACATCCATTATCTAAACTGCTCAGCTAGAGGACGAGAGAGGTAGATGGAATTCCTGATGTAGGGGTAATATCCGTAGATATCAGGAGGAACACCGATGGCGTAAGCAGTCTACTGGCTCGTTCCTGACACTAAGGCACGAAAGCGTGGGGAGCAAACAGGATTAGATACC",31,0.427586206896552,20.0900431670868,31
"GGAATATTGCACAATGGGCGAAAGCCTGATGCAGCAACGCCGCGTGAGCGATGAAGGCCTTCGGGTCGTAAAGCTCTGTCCTCAAGGAAGATAATGACGGTACTTGAGGAGGAAGCCCCGGCTAACTACGTGCCAGCAGCCGCGGTAATACGTAGGGGGCTAGCGTTATCCGGAATTACTGGGCGTAAAGGGTGCGTAGGCGGTCTTTCAAGCCAGAAGTGAAAGGCTACGGCTCAACCGTAGTAAGCTTTTGGAACTGTAAGACTTGAGTGCAGGAGAGGAGAGTGGAATTCCTAGTGTAGCGGTGAAATGCGTAGATATTAGGAGGAACACCAGTAGCGAAGGCGGCTCTCTGGACTGTAACTGACGCTGAGGCACGAAAGCGTGGGGAGCAAACAGGATTAGAAACC",6,0.245059288537549,0.833333333333333,6
"GGAATATTGGACAATGGGGGCAACCCTGATCCAGCCATGCCGCGTGTGTGAAGAAGGCCTTAGGGTTGTAAAACACTTTCAGCGGGGAAGATGATGACGGTACCCGCAGAAGAAGCCCCGGCTAACTCCGTGCCAGCAGCCGCGGTAATACGGAGGGGGCTAGCGTTGTTCGGAATTACTGGGCGTAAAGGGCGTGTAGGCGGTTTGCCGAGTCAGATGTGAAAGCCCCGGGCTTAACCTGGGAACTGCATTTGAGACTGGCAGGCTAGAGGTTGGAAGAGGAGAGTGGAATTCCCAGTGTAGAGGTGAAATTCGTAGATATTGGGAAGAACACCAGTGGCGAAGGCGGCTCTCTGGTCCACACCTGACGCTGAGGCGCGAAAGCGTGGGGAGCAAACAGGATTAGATACC",24,0.416107382550336,19.8005473822063,24
"GGAATCTTGCACAATGGGGGCAACCCTGATGCAGCGACGCCGCGTGAGTGACGAAGGCCTTCGGGTCGTAAAGCTCTTTTCTGCGTGACGAGACAAGGACGGTAGCGCAGGAAGAAGTCTCGGCTAACTACGTGCCAGCAGCCGCGGTAAAACGTAGGAGACAAACGTTATCCGGAGTTACTGGGCGTAAAGGGCGTGCAGGTGGCGGCTTAAGTTCGGCGTGAAAGCCTCCGGCTAAACCGGGGGAGGTCGTCGGAAACTGGGCCGCTCGAGGGTGATAGAGGCGGGTGGAATTCCGGGTGTAGTGGTGAAATGCGTAGAGATCCGGAGGAACACCAGTGGCGAAGGCGACCCGCTGGGTCACACCTGACACTGAGACGCGACAGCATGGGGAGCGAACGGGATTAGAAACC",19,0.370149253731343,37.6201890056357,19
"GGAATCTTGCGCAATGGGCGAAAGCCTGACGCAGCCATGCCGCGTGAATGATGAAGGTCTTAGGATTGTAAAATTCTTTCAGCAGGGACGATAATGACGGTACCTGCAGAAGAAGCCCCGGCTAACTTCGTGCCAGCAGCCGCGGTAATACGAAGGGGGCTAGCGTTGCTCGGAATTACTGGGCGTAAAGGGAGCGTAGGCGGGTTATCAAGTTGGAGGTGAAAGCCCAGGGCTCAACCTTGGAATTGCCTTCAAAACTGATAGCCTAGAGTATGATAGAGGTAAGTGGAACTCCGAGTGTAGAGGTGAAATTCGTAGATATTCGGAAGAACACCAGTGGCGAAGGCGACTTACTGGATCATGACTGACGCTGAGGCTCGAAAGCGTGGGGAGCAAACAGGATTAGAAACC",22,0.363636363636364,110.070036217787,22
"GGAATATTGGACAATGGGCGCAAGCCTGATCCAGCCATGCCGCGTGGGTGAAGAAGGCCCTAGGGTTGTAAACCCCTTTCAGCGGGGAAGATAATGACGGTACCCGCAGAAGAAGCCCCGGCTAACTCCGTGCCAGCAGCCGCGGTAATACGGAGGGGGCTAGCGTTGTTCGGAATTACTGGGCGTAAAGCGCGCGTAGGCGGACCTGCAAGTCGGGGGTGAAAGCCCGAGGCTCAACCTCGGAACTGCCTTCGATACTGCGGGTCTCGAGTCCGGGAGAGGTGAGTGGAATTCCTAGTGTAGAGGTGAAATTCGTAGATATTAGGAAGAACACCAGTGGCGAAGGCGGCTCACTGGCCCGGTACTGACGCTGAGGCGCGAAAGCGTGGGGAGCAAACAGGATTAGAAACC",18,0.334231805929919,3.84788078715535,18
"GGGATATTGCGCAATGGGCGAAAGCCTGACGCAGCAACGCCGCGTGGAGGATGACGGCCTTCGGGTTGTAAACTCCTTTGGGGGGGGACGAGGAAGGACGGTACCCCCACAACAAGTCACGGCTAACTACGTGCCAGCAGCCGCGGTAAAACGTAGGTGGCGAGCGTTATCCGGATTTACTGGGCGTAAAGGGTGTGCAGGCTGCCCCTCAAGTGGTGTATGAAAGGGCTCGGCTCAACCGGGCTAGGTTATGCCAGACTGAGGGGCTAGAGAGCGAGAGCGGGACGTGGAATTCCGGGTGTAGTGGTGAAATGCGTAGAGATCCGGAGGAACCCCAGAGGCGAAGGCGGCGTCCTGGCTCGCATCTGACGCTCAGACACGACAGCATGGGGAGCGAACGGGATTAGATACC",20,0.381538461538462,159.98039726413,20
"AGAATCTTCCGCAATGGACGAAAGTCTGACGGAGCGACGCCGCGTGGTAGATGAAGTCCTTAGGGACGTAAATACCTTTTATGAGGGAAGAAGTTTATTGACGGTACCTCATGAATAAGGGGCTCCCAACTCTGTGCCAGCAGGAGCGGTAATACAGAGGCCCCGAGCATTATCCGGATTTACTGGGCGTAAAGGGTGTGTAGGTGGTGTGATTAGTCTTGTGTCAAATCTTCGGGCTTAACCCGGAACTCGCGCGAGAAACGGTCATACTAGAGGAAGTGAGAGGTGTGTGGAACTCAAGGTGTAGGGGTGAAATCCGTTGATATCTTGGGGAACACCAAAAGCGAAGGCAACACACTGGCACTCTCCTGACACTGAAACACGAAAGCGTGGGTAGCGAATCGGATTAGAAACC",9,0.291079812206573,104.2180773772,9
"AGAATCTTCCGCAATGGACGAAAGTCTGACGGAGCGACGCCGCGTGGTGGATGAAGTCTTTAGGGACGTAAACACCTTTTATGAGGGAGGAAGTTTATTGACGTTACCTCATGAATAAGGGGCTCCCAATTCTGTGCCAGCAGGAGCGGTAATACAGAAGCCTCAAGCGTTACCCGGATTTACTGGGCGTAAAGGGTGTGTAGGTGGTGTGATTAGTCTTATGTTAAATCTTCAGGCTCAACCTGAAGCCCGCATAGGAAACGGTCATACTTGAGGAAGTGAGAGGTGTGTGGAACTCATGGTGTAGGGGTGAAATCCGTTGATATCATGGGGAACACCAAAAGCGAAGGCAGCACACTGGCACTTTCCTGACACTGAGACACGAAAGCGTGGGTAGCGAACGGGATTAGAAACC",17,0.364705882352941,32.8744769967097,17
"AGAATCTTGCGCAATGGGCGAAAGCCTGACGCAGCAATTCCGCGTGGGGGACGAAGGCCCTCGGGTCGTAAACCCCTTTTACGAGGGAAGAAGTTCTGACGGTACCTCGTGAATAAGACACGGCTAACTACGTGCCAGCAGCCGCGGTAATACGTAGGTGTCAAGCGTTGTCCGGATTTATTGGGCGTAAAGCGCCCGCAGGCGGCTTGCCAAGTTCGATGTGAAATCTCCCGGCTCAACTGGGAGGGTGCATCGAAAACTGGCAGGCTTGAGGCAGGGAGAGGGATGTGGAATTCCAGGTGTAGTGGTGAAATGCGTAGATATCTGGAGGAACACCAGTGGCGAAGGCGGCATCCTGGCCCTGTCCTGACGCTCAGGGGCGAAAGCGTGGGGAGCAAACCGGATTAGAAACC",28,0.450909090909091,74.81719830239,28
"GGAATATTGGACAATGGGCGAAAGCCTGATCCAGCCATGCCGCGTGAGTGATGAAGGCCCTAGGGTTGTAAAGCTCTTTTGTGCGGGAAGATAATGACGGTACCGCAAGAATAAGCCCCGGCTAACTTCGTGCCAGCAGCCGCGGTAATACGAAGGGGGCTAGCGTTGCTCGGAATCACTGGGCGTAAAGGGTGCGTAGGCGGGTTTCTAAGTCAGAGGTGAAAGCCTGGAGCTCAACTCCAGAACTGCCTTTGATACTGGAAGTCTTGAGTTCGGGAGAGGTGAGTGGAACTGCGAGTGTAGAGGTGAAATTCGTAGATATTCGCAAGAACACCAGTGGCGAAGGCGGCTCACTGGCCCGATACTGACGCTGAGGCACGAAAGCGTGGGGAGCAAACAGGATTAGAAACC",20,0.315521628498728,1.56954359378806,20
"GGAATATTGGACAATGGGCGCAAGCCTGATCCAGCCATGCCGCGTGAGTGATGAAGGCCTTAGGGTTGTAAAGCTCTTTTACCAGGGAAGATAATGACGGTACCTGGAGAATAAGCCCCGGCTAACTTCGTGCCAGCAGCCGCGGTAATACGAAGGGGGCTAGCGTTGCTCGGAATCACTGGGCGTAAAGCGCACGTAGGTGGGTTTTTAAGTCAGGGGTGAAATCCTGGAGCTCAACTCCAGAACTGCCTTTGATACTGGAAATCTTCGAGTCCGGGAGAGGTGGGTGGAACTGCGAGTGTAGAGGTGAAATTCGTAGATATTCGCAAGAACACCAGTGGCGAAGGCGGCTCACTGGCCCGGTACTGACACTGAGGTGCGAAAGCGTGGGGAGCAAACAGGATTAGATACC",19,0.393650793650794,96.5336042165729,19
"GGAATATTGGACAATGGGCGAAAGCCTGATCCAGCCATGCCGCGTGAGTGATGAAGGCCTTAGGGTTGTAAAGCTCTTTCAGTGGGGAAGATAATGACGGTACCCACAGAAGAAGCCCCGGCTAACTTCGTGCCAGCAGCCGCGGTAATACGAAGGGGGCTAGCGTTGTTCGGATTTACTGGGCGTAAAGCGCACGTAGGCGGATCGTTAAGTCGGGGGTGAAATCCTGGAGCTCAACTCCAGAACTGCCTTCGATACTGGCGATCTTGAGTCCGGAAGAGGTGAGTGGAACTCCTAGTGTAGAGGTGGAATTCGTAGATATTAGGAAGAACACCAGTGGCGAAGGCGGCTCACTGGTCCGGTACTGACGCTGAGGTGCGAAAGCGTGGGGAGCAAACAGGATTAGAAACC",19,0.312342569269521,1.59013216840982,19
"GGAATATTGGACAATGGGCGAAAGCCTGATCCAGCCATGCCGCGTGAGTGATGAAGGCCTTAGGGTTGTAAAGCTCTTTCAGTGGGGAAGATAATGACGGTACCCACAGAAGAAGCCCCGGCTAACTTCGTGCCAGCAGCCGCGGTAATACGAAGGGGGCTAGCGTTGTTCGGATTTACTGGGCGTAAAGCGCACGTAGGCGGATCGTTAAGTCGGGGGTGAAATCCTGGAGCTCAACTCCAGAACTGCCTTCGATACTGGCGATCTTGAGTCCGGAAGAGGTGAGTGGAACTCCTAGTGTAGAGGTGGAATTCGTAGATATTAGGAAGAACACCAGTGGCGAAGGCGGCTCACTGGTCCGGTACTGACGCTGAGGTGCGAAAGCGTGGGGAGCAAACAGGATTAGATACC",14,0.363636363636364,24.838105976697,14
"GGAATATTGGACAATGGGCGCAAGCCTGATCCAGCCATGCCGCGTGAGTGATGAAGGCCTTAGGGTTGTAAAGCTCTTTCACCGATGAAGATAATGACGGTAGTCGGAGAAGAAGCCCCGGCTAACTTCGTGCCAGCAGCCGCGGTAATACGAAGGGGGCTAGCGTTGTTCGGATTTACTGGGCGTAAAGCGCACGTAGGCGGTTTGTTAAGTCAGAGGTGAAATCCCGGAGCTCAACTCCGGAACTGCCTTTGATACTGGCAAGCTAGAGTCCGGAAGAGGTAAGTGGAACTCCTAGTGTAGAGGTGGAATTCGTAGATATTAGGAAGAACACCAGTGGCGAAGGCGGCTTACTGGTCCGGAACTGACGCTGAGGTGCGAAAGCGTGGGGAGCAAACAGGATTAGAAACC",20,0.391167192429022,545.752907036049,20
"GGAATCTTGGACAATGGGCGAAAGCCTGATCCAGCCATGCCGCGTGAGTGAAGAAGGCCTTAGGGTTGTAAAGCTCTTTTGCCCGGGAAGATAATGACGGTACCGGGAGAATAAGCCCCGGCAAACTTCGTGCCAGCAGCCGCGGTAATACGAAGGGGGCTAGCGTTGTTCGGATTTACTGGGCGTAAAGCGCACGTAGGCGGATTGTTAAGTCGGGGGTGAAATCCTGGAGCTCAACTTCAGAATTGCCTTCGATACTGGCTTTCTAGAGGCTGGAAGAGGTTAGTGGAATTCCCAGTGTAGAGGTGAAATTCGTAGATATTGGGAAGAACACCAGTGGCGAAGGCGGCTAACTGGTCCAGATCTGACGCTGAGGTGCGAAAGCGTGGGGAGCAAACAGGATTAGAAACC",17,0.418918918918919,870.080335627684,17
"GGGATCTTGCGACAATGGGCGAAAGCCTGACGCAGCAACGCCGCGTGCGGGATGACGGCCTTCGGGTTGTAAACCGCTTTTCGGGGGGAAGAGGAAGGACGGTACCCCCGGAATAAGTCTCGGCTAACTACGTGCCAGCAGCCGCGGTAAAACGTAGGAGGCGAGCGTTATCCGGATTTACTGGGTGTAAAGCGCGTGTAGGCGGTCGTGCAAGTGAGGCGTGAAAGCGCCCGGCTCAACCGGGCGAGGACGCAATCGAACTGCGCGACTAGAGGTAGGTAGAGGCGTGTGGAATTCCGGGTGTAGTGGTGAAATGCGTAGAGATCCGGAGGAACACCAGTGGCGAAGGCGACACGCTGGGCCTGACCTGACGCTGAGATGCGAAAGCATGGGGAGCGAACGGGATTAGAAACC",5,0.250505050505051,0,5
"GGAATTTTCGGCAATGGGCGCAAGCCTGACCGAGCAACGCCGCGTGCAGGATGACGGCCTTCGGGTTGTAAACTGCTTTTCTGGGGGATGATACAGACAGTACCCCAGGAATAAGCCCCGGCTAACTCTGTGCCAGCAGCCGCGGTAAGACAGAGGGGGCAAGCGTTGTCCGGAGTTACTGGGCGTAAAGCGCGCGTAGGCGGTACGGTAAGTAAGGTGTGAAAGCCCCAGGCTTAACCTGGGGAGGTCATCTTCGACTGCCGCACTCGAGTCGTGCAGAGGGTGGTGGAATTGCCGGTGTAGTGGTGAAATGCGTAGAGATCGGCAGGAACACCAAGGGCGAAAGCAGCCACCTGGGCACGTACTGACGCTGAGGTGCGAAAGCGTGGGGAGCGAACCGGATTAGAAACC",30,0.426116838487972,122.488072102227,30
"GGAATCTTGGGCAATGGGCGAAAGCCTGACCCAGCGACGCCGCGTGAGGGAAGAAGGCCTTCGGGTCGTAAACCTCTTTTGTGAGGGAAGAAGTTCTGACGGTACCTCACGAATAAGCCACGGCTAACTACGTGCCAGCAGCCGCGGTAATACGTAGGTGGCAAGCGTTGTCCGGATTTACTGGGCGTAAAGGGCTTGTAGGCGGTTCGTTAAGTCCGGTGTGAAATCTCCCGGCTCAACTGGGAGGGGCCATTGGATACTGGCGGACTAGAGGCGGGTAGAGGAAAGCAGAATTCCCGGTGTAGCGGTGAAATGCGTAGATATCGGGAGGAATACCAGTGGCGAAGGCGGCTTTCTGGACCTGTCCTGACGCTGAGGAGCGAAAGCGTGGGGAGCAAACCGGATTAGAAACC",18,0.446043165467626,955.499256245708,18
"GGAATCTTGGGCAATGGGCGAAAGCCTGACCCAGCGACGCCGCGTGAGGGAAGAAGGCCTTCGGGTCGTAAACCTCTTTTGTGAGGGAAGAAGTTCTGACGGTACCTCACGAATAAGCCACGGCTAACTACGTGCCAGCAGCCGCGGTAATACGTAGGTGGCAAGCGTTGTCCGGATTTACTGGGCGTAAAGGGCTTGTAGGCGGTTCGTTAAGTCCGGTGTGAAATCTCCCGGCTCAACTGGGAGGGGCCATTGGATACTGGCGGACTAGAGGCGGGTAGAGGAAAGCAGAATTCCCGGTGTAGCGGTGAAATGCGTAGATATCGGGAGGAATACCAGTGGCGAAGGCGGCTTTCTGGACCTGTCCTGACGCTGAGGAGCGAAAGCGTGGGGAGCAAACCGGATTAGATACC",21,0.438162544169611,384.962931972647,21
"GGAATCTTGGGCAATGGGCGAAAGCCTGACCCAGCGACGCCGCGTGAGGGATGAAGGCCTTCGGGTCGTAAACCTCTTTTGTGAGGGAAGAAGTTCTGACGGTACCTCACGAATAAGCCACGGCTAACTACGTGCCAGCAGCCGCGGTAATACGTAGGTGGCAAGCGTTGTCCGGATTTACTGGGCGTAAAGGGCTTGTAGGCGGTTCGTTAAGTCCGGTGTGAAATCTCCCGGCTCAACTGGGAGGGGCCATTGGATACTGGCGGACTAGAGGCGGGTAGAGGAAAGCAGAATTCCCGGTGTAGCGGTGAAATGCGTAGATATCGGGAGGAATACCAGTGGCGAAGGCGGCTTTCTGGACCTGTCCTGACGCTGAGGAGCGAAAGCGTGGGGAGCAAACCGGATTAGAAACC",17,0.300970873786408,6.51443590437599,17
"GGAATATTGGACAATGGGCGCAAGCCTGATCCAGCAATGCCGCGTGAGTGATGAAGGCCTTAGGGTTGTAAAGCTCTTTTACCAGGGATGATAATGACAGTACCTGGAGAATAAGCTCCGGCTAACTCCGTGCCAGCAGCCGCGGTAATACGGAGGGAGCTAGCGTTGTTCGGAATTACTGGGCGTAAAGCGCACGTAGGCGGCTATTCAAGTCGGGGGTGAAAGCCCGGGGCTCAACCCCGGAACTGCCCTCGAAACTAGATAGCTAGAATCTTGGAGAGGTCAGTGGAATTCCGAGTGTAGAGGTGAAATTCGTAGATATTCGGAAGAACACCAGTGGCGAAGGCGACTGACTGGACAAGTATTGACGCTGAGGTGCGAAAGCGTGGGGAGCAAACAGGATTAGATACC",23,0.409240924092409,7.90365320615,23
"GGAATATTGGACAATGGGCGAAAGCCTGATCCAGCAATGCCGCGTGAGTGATGAAGGCCTTAGGGTTGTAAAGCTCTTTTACCCGGGATGATAATGACAGTACCGGGAGAATAAGCTCCGGCTAACTCCGTGCCAGCAGCCGCGGTAATACGGAGGGAGCTAGCGTTGTTCGGAATTACTGGGCGTAAAGCGCACGTAGGCGGCTACTCAAGTCGGGGGTGAAAGCCCGGGGCTCAACCCCGGAACTGCCCTCGAAACTAGGTAGCTAGAATCTTGGAGAGGCGAGTGGAATTCCGAGTGTAGAGGTGAAATTCGTAGATATTCGGAAGAACACCAGTGGCGAAGGCGACTCGCTGGACAAGTATTGACGCTGAGGTGCGAAAGCGTGGGGAGCAAACAGGATTAGAAACC",26,0.418918918918919,22.8736615175091,26
"GGAATATTGGACAATGGGCGAAAGCCTGATCCAGCAATGCCGCGTGAGTGATGAAGGCCTTAGGGTTGTAAAGCTCTTTTACCCGGGATGATAATGACAGTACCGGGAGAATAAGCTCCGGCTAACTCCGTGCCAGCAGCCGCGGTAATACGGAGGGAGCTAGCGTTGTTCGGAATTACTGGGCGTAAAGCGCACGTAGGCGGCTTTTCAAGTCAGGGGTGAAATCCCGGGGCTCAACCCCGGAACTGCCCTTGAAACTGGATGGCTAGAATCTTGGAGAGGCGAGTGGAATTCCGAGTGTAGAGGTGAAATTCGTAGATATTCGGAAGAACACCAGTGGCGAAGGCGACTCGCTGGACAAGTATTGACGCTGAGGTGCGAAAGCGTGGGGAGCAAACAGGATTAGAAACC",22,0.323759791122715,14.2752748341135,22
"GGAATATTGGACAATGGGCGAAAGCCTGATCCAGCAATGCCGCGTGAGTGATGAAGGCCTTAGGGTTGTAAAGCTCTTTTACCAGGGATGATAATGACAGTACCTGGAGAATAAGCTCCGGCTAACTCCGTGCCAGCAGCCGCGGTAATACGGAGGGAGCTAGCGTTGTTCGGAATTACTGGGCGTAAAGCGCACGTAGGCGGCGACTCAAGTCAGAGGTGAAAGCCCGGGGCTCAACCCCGGAACTGCCTTTGAAACTAGGTTGCTAGAATCTTGGAGAGGTCAGTGGAATTCCGAGTGTAGAGGTGAAATTCGTAGATATTCGGAAGAACACCAGTGGCGAAGGCGACTGACTGGACAAGTATTGACGCTGAGGTGCGAAAGCGTGGGGAGCAAACAGGATTAGAAACC",20,0.315521628498728,1.58758608493427,20
"GGAATCTTGCACAATGGGCGAAAGCCTGATGCAGCAACGCCGCGTGCGCGATGAAGGCCTTCGGGTCGTAAAGCGCTTTTCTGGGAGACGAGGAAGGACGGTATCCCAGGAATAAGGCTCGGCTAACTACGTGCCAGCAGCCGCGGTAAAACGTAGGAGCCAAGCGTTATCCGAATTTACTGGGCGTAAAGCGCGTGCAGGCGGCTCGATAAGTTGGCTGTGAAATCTCCTGGCTCAACTGGGAGAGGCCGGTCAAGACTGTCGGGCTAGAGGGCAGTAGAGGGAGGTGGAATTCCCGGTGTAGTGGTGAAATGCGTAGAGATCGGGAGGAACACCAGTGGCGAAAGCGGCCTCCTAGGCTGAACCTGACGCTCAGACGCGAAAGCTAGGGGAGCGAACGGGATTAGATACC",24,0.42320819112628,71.6743894671784,24
"GGAATCTTCCACAATGGGGGCAACCCTGATGGAGCAACTCCGCGTGCAGGATGAAGGCCTTCGGGTCGTAAACTGCTTTTATGAGTGAAGAATATGACGGTAACTCATGAATAAGGGTCGGCTAACTACGTGCCAGCAGCCGCGGTCATACGTAGGACCCAAGCGTTATCCGGAGTGACTGGGCGTAAAGAGTTGCGTAGGTGGTTAGTAAAGCGAATAGTGAAACCTGGTGGCTCAACCATACAGACTATTATTCGAACTCACTAACTCGAGAGTAGCAGAGGTAACTGGAATTTCTTGTGTAGGAGTGAAATCCGTAGATATAAGAAGGAACACCAATGGCGTAGGCAGGTTACTGGGCTATTTCTGACACTGAGGCACGAAAGCGTGGGGAGCGAACCGGATTAGAAACC",23,0.40655737704918,5.95022919530637,23
"GGAATCTTCCACAATGGGGGCAACCCTGATGGAGCAACTCCGCGTGCAGGATGAAGGCTTTCGGGTCGTAAACTGCTTTTATGAGTGAAGAATATGACGGTAACTCATGAATAAGGATCGGCTAACTACGTGCCAGCAGCCGCGGTCATACGTAGGATCCAAGCGTTATCCGGAGTGACTGGGCGTAAAGCGTTGCGTAGGTGGTTAGTAAAGCGAATAGTGAAACCTGGTGGCTCAACCATACAGACTATTATTCGAACTCACTAACTCGAGAGTGGTAGAGGTAACTGGAATTTCTAGTGTAGGAGTGAAATCCGTAGATATTAGAAGGAACACCAATGGCGTAGGCAGGTTACTGGACCATTTCTGACACTGAGGCACGAAAGCGTGGGGAGCGAACCGGATTAGAAACC",32,0.459259259259259,97.7368726192385,32
"GGAATCTTCCACAATGGGCGAAAGCCTGATGGAGCGACGCCGCGTGGGGGATGAAGGTTTTCGGATCGTAAACCCCTTTTCTCAGGGAAGAGTAAGGACGGTACCTGAGGAATAAGCATCGGCTAACTACGTGCCAGCAGCCGCGGTAATACGTAGGATGCAAGCGTTGTCCGGAATCACTGGGCGTAAAGGGTCCGTAGGCGGTCTGGTAAGTCTCCTGTGAAAGCTCAGGGCTCAACCCTGAGATGTCGGGGGATACTGCTGGACTTGAGACTGTCAGAGGCAGGTGGAATTCCCGGTGTAGTGGTGAAATGCGTAGATATCGGGAGGAACACCAGTGGCGAAAGCGGCCTGCTGGGGCAGTTCTGACGCTGAGGGACGAAAGCGTGGGGAGCAAACCGGATTAGATACC",18,0.311557788944724,34.8053480453187,18
"GGAATCTTCCACAATGGGCGAAAGCCTGATGGAGCGACGCCGCGTGGGGGATGAAGGTTTTCGGATCGTAAACCCCTTTTCTCAGGGAAGAGTAAGGACGGTACCTGAGGAATAAGCATCGGCTAACTACGTGCCAGCAGCCGCGGTAATACGTAGGATGCAAGCGTTGTCCGGAATCACTGGGCGTAAAGGGTCCGTAGGCGGTCTGGTAAGTCTCCTGTGAAAACTCAGGGCTCAACTCTGAGAGGTCGGGGGATACTGCTGGACTTGAGACTGTCAGAGGCAGGTGGAATTCCCGGTGTAGTGGTGAAATGCGTAGATATCGGGAGGAACACCAGTGGCGAAAGCGGCCTGCTGGGGCAGTTCTGACGCTGATGGACGAAAGCGTGGGGAGCAAACCGGATTAGAAACC",5,0.258333333333333,35.1070315382931,5
"GGAATCTTCCACAATGGACGAAAGTCTGATGGAGCGACGCCGCGTGGGGGATGAAGGTTTTCGGATCGTAAACCCCTTTTCTCAGGGAAGAGTAAGGACGGTACCTGAGGAATAAGCATCGGCTAACTACGTGCCAGCAGCCGCGGTAATACGTAGGATGCTAGCGTTGTCCGGAATCACTGGGCGTAAAGGGTCCGTAGGCGGTCTGGTAAGTCTCCTGTGAAAACTTCGGGCTCAACTCGAAGAGGTCGGGGGATACTGCTGGACTTGAGACTGTCAGAGGCAGGTGGAATTCCCGGTGTAGTGGTGAAATGCGTAGATATCGGGAGGAACACCAGTGGCGAAAGCGGCCTGCTGGGACAGTTCTGACGCTGAGGGACGAAAGCGTGGGGAGCAAACCGGATTAGAAACC",30,0.420338983050847,69.7025860706087,30
"GGAATCTTCCACAATGGACGAAAGTCTGATGGAGCGACGCCGCGTGGGGGATGAAGGTTTTCGGATCGTAAACCCCTTTTCTCAGGGAAGAGTAAGGACGGTACCTGAGGAATAAGCATCGGCTAACTACGTGCCAGCAGCCGCGGTAATACGTAGGATGCTAGCGTTGTCCGGAATCACTGGGCGTAAAGGGTCCGTAGGCGGTCTGGTAAGTCTCCTGTGAAAACTTCGGGCTCAACTCGAAGAGGTCGGGGGATACTGCTGGACTTGAGACTGTCAGAGGCAGGTGGAATTCCCGGTGTAGTGGTGAAATGCGTAGATATCGGGAGGAACACCAGTGGCGAAAGCGGCCTGCTGGGACAGTTCTGACGCTGAGGGACGAAAGCGTGGGGAGCAAACCGGATTAGATACC",19,0.321243523316062,10.9386465544125,19
"GGAATCTTGCACAATGGACGAAAGTCTGATGCAGCGACGCCGCGTGAGGGATGAAGGCCTTCGGGTCGTAAACCTCTTTTCTCAGGGAAGAGCAAGGACGGTACCTGAGGAATAAGCATCGGCTAACTACGTGCCAGCAGCCGCGGTAATACGTAGGATGCAAGCGTTGTCCGGAATTATTGGGCGTAAAGGGTCCGTAGGCGGTTCGGTAAGTCTCCTGTGAAAACTCCAGGCTCAACTTGGAGGCGTCGGGGGAAACTGCCGGACTTGAGACTGTCAGAGGCAAGTGGAATTCCCGGTGTAGTGGTGAAATGCGTAGATATCGGGAGGAACACCAGTGGCGAAGGCGGCTTGCTGGGGCAGATCTGACGCTGAGGGACGAAAGCGTGGGTAGCAAACCGGATTAGAAACC",28,0.424657534246575,118.181268025923,28
"GGAATATTGCACAATGGGCGCAAGCCTGATGCAGCGACGCCGCGTGAGGGATGACGGCCTTCGGGTTGTAAACCTCTTTCAGCAGGGAAGAAGCGCAAGTGACGGTACCTGCAGAAGAAGCACCGGCTAACTACGTGCCAGCAGCCGCGGTAATACGTAGGGTGCGAGCGTTGTCCGGAATTATTGGGCGTAAAGAGCTTGTAGGCGGTTTGTCGCGTCTGCTGTGAAAATCCGGGGCTCAACCCCGGACTTGCAGTGGGTACGGGCAGACTAGAGTGTGGTAGGGGAGACTGGAATTCCTGGTGTAGCGGTGGAATGCGCAGATATCAGGAGGAACACCGATGGCGAAGGCAGGTCTCTGGGCCACTACTGACGCTGAGAAGCGAAAGCATGGGGAGCGAACAGGATTAGAAACC",23,0.409240924092409,5.89088494846871,23
"GGAATATTGCACAATGGGCGCAAGCCTGATGCAGCAACGCCGCGTGAGGGACGACGGCCTTCGGGTTGTAAACCTCTTTTAGTAGGGAAGAAGCGAAAGTGACGGTACCTGCAGAAAAAGCACCGGCTAACTACGTGCCAGCAGCCGCGGTAATACGTAGGGTGCAAGCGTTGTCCGGAATTATTGGGCGTAAAGAGCTCGTAGGCGGTTTGTCGCGTCTGCTGTGAAAACCCGAGGCTCAACCTCGGGCCTGCAGTGGGTACGGGCAGACTAGAGTGCGGTAGGGGAGATTGGAATTCCTGGTGTAGCGGTGGAATGCGCAGATATCAGGAGGAACACCGATGGCGAAGGCAGATCTCTGGGCCGTAACTGACGCTGAGGAGCGAAAGCATGGGGAGCGAACAGGATTAGATACC",22,0.323759791122715,14.38983733712,22
"GGAATATTGCACAATGGGCGGAAGCCTGATGCAGCGACGCCGCGTGAGGGATGACGGCCTTCGGGTTGTAAACCTCTTTCAGTAGGGAAGAAGCGAAAGTGACGGTACCTGCAGAAGAAGCGCCGGCTAACTACGTGCCAGCAGCCGCGGTAATACGTAGGGCGCAAGCGTTATCCGGAATTATTGGGCGTAAAGAGCTCGTAGGCGGTTTGTCGCGTCTGCCGTGAAAGTCCGGGGCTCAACTCCGGATCTGCGGTGGGTACGGGCAGACTAGAGTGATGTAGGGGAGACTGGAATTCCTGGTGTAGCGGTGAAATGCGCAGATATCAGGAGGAACACCGATGGCGAAGGCAGGTCTCTGGGCATTAACTGACGCTGAGGAGCGAAAGCATGGGGAGCGAACAGGATTAGAAACC",20,0.315521628498728,1.59476755435998,20
"GGAATTTTGGGCAATGGGGGAAACCCTGACCCAGCAACGCCGCGTGAAGGATGAAGTATTTCGGTATGTAAACTTCGAAAGAATAGGAAGAATTAATGACGGTACTATTTATAAGGTCCGGCTAACTACGTGCCAGCAGCCGCGGTAATACGTAGGGACCAAGCGTTGTTCGGATTTACTGGGCGTAAAGGGCGCGTAGGCGGCGCGGTAAGTCACTTGTGAAATCTCTGAGCTTAACTCAGAACGGCCAAGTGATACTGCAGTGCTAGAGTGTGGAAGGGGCAATCGGAATTCTTGGTGTAGCGGTGAAATGCGTAGATATCAAGAGGAACACCTGAGGTGAAGACGGGTTGCTGGGCCAACACTGACGCTGAGGCGCGAAAGCCAGGGGAGCAAACGGGATTAGAAACC",6,0.297362110311751,52.5405975087509,6
"GGAATATTGGACAATGGGCGGAAGCCTGATCCAGCCATGCCGCGTGAGTGAAGAAGGCCTTCGGGTTGTAAAGCTCTTTCAGATGCGAAGATGATGACGGTAACATCAGAAGAAGCCCCGGCTAATTTCGTGCCAGCAGCCGCGGTAATACGAAAGGGGCAAGCGTTGTTCGGATTTACTGGGCGTAAAGGGCACGCAGGCGGTCTTGCCAGTCAGGGGTGAAAGCCCGGGGCTCAACCCCGGAACTGCCTCTGATACTGCGAGACTAGAGACTAGGAGAGGGTGGTGGAATTCCCAGTGTAGAGGTGAAATTCGTAGATATTGGGAGGAACACCAGAGGCGAAGGCGGCCACCTGGACTAGATCTGACGCTCAGGTGCGAAAGCGTGGGGAGCAAACAGGATTAGATACC",14,0.300970873786408,5.1092088833358,14
"GGAATATTGGACAATGGGGGAAACCCTGATCCAGCAATGCCGCGTGAGTGATGAAGGCCTTAGGGTTGTAAAGCTCTTTCGGTGGTGACGATGATGACGGTAACCACAGAAGAAGCCCCGGCTAACTCCGTGCCAGCAGCCGCGGTAAGACGGAGGGGGCTAGCGTTGTTCGGAATTACTGGGCGTAAAGCGCACGTAGGCGGCCTTTCAAGTCAGATGTGAAAGCCCCGGGCTTAACCCGGGAATTGCATTTGATACTGTTGGGCTTGAGACCGGGAGAGGATAGCGGAATTCCCAGTGTAGAGGTGAAATTCGTAGATATTGGGAAGAACACCAGTGGCGAAGGCGGCTATCTGGACCGGTACTGACGCTGAGGTGCGAAAGCGTGGGGAGCAAACAGGATTAGATACC",24,0.409240924092409,9.16796719238446,24
"GGAATATTGGACAATGGGGGAAACCCTGATCCAGCCATGCCGCGTGAGTGAAGAAGGCCTTAGGGTTGTAAAGCTCTTTCAGTCGTGAAGATGGTGACTGTAGCGACAGAAGAAGCCCCGGCTAACTCCGTGCCAGCAGCCGCGGTAATACGGAGGGGGCTAGCGTTGTTCGGATTTACTGGGCGTAAAGCGCACGTAGGCGGACTTTTAAGTCAGGGGTGAAAGGCCTGGGCTCAACCCGGGAACTGCCTTTGATACTGGGAGTCTTGAATCCGGGAGAGGTAAGCGGAATTCCAAGTGTAGAGGTGAAATTCGTAGATATTTGGAAGAACACCAGTGGCGAAGGCGGCTTACTGGACCGGTATTGACGCTGATGTGCGAAAGCGTGGGGAGCGAACAGGATTAGAAACC",18,0.326315789473684,36.6722422492469,18
"GGAATATTGCACAATGGACGAAAGTCTGATGCAGCAACGCCGCGTGTGCGATGAAGGCCTTCGGGTTGTAAAGCACTTTTATGAGGGAAGAGCAAGGACTGTACCTCATGAATAAGGATCGGCTAACTACGTGCCAGCAGCCGCGGTAACACGTAGGATCCTAGCGTTATCCGGATTTACTGGGCGTAAAGCGCGTGTAGGTGGTTTGCTAAGTTGGGTGTTAAATCTCTCGGCTCAACTGGGAGGTGTCGCTCAAAACTAGCAGACTGGAGGATGGTAGAGGTAGGTGGAATTCCGGGTGTAGTGGTGAAATGCGTAGATATCCGGAGGAACACCAGTGGCGAAGGCGGCCTACTGGACCATTCCTGACACTCCAACGCGAAAGCTAGGGGAGCAAACGGGATTAGAAACC",14,0.324607329842932,1.51432060921713,14
"GGAATATTGCACAATGGACGAAAGTCTGATGCAGCAACGCCGCGTGTGCGATGAAGGCCTTCGGGTTGTAAAGCACTTTTATGAGGGAAGAGCAAGGACTGTACCTCATGAATAAGGATCGGCTAACTACGTGCCAGCAGCCGCGGTAACACGTAGGATCCTAGCGTTATCCGGATTTACTGGGCGTAAAGCGCGTGTAGGTGGTTTGCTAAGTTGGGTGTTAAATCTCTCGGCTCAACTGGGAGGTGTCGCTCAAAACTAGCAGACTGGAGGATGGTAGAGGTAGGTGGAATTCCGGGTGTAGTGGTGAAATGCGTAGATATCCGGAGGAACACCAGTGGCGAAGGCGGCCTACTGGACCATTCCTGACACTCCAACGCGAAAGCTAGGGGAGCAAACGGGATTAGATACC",13,0.323759791122715,32.7142209444043,13
"GGAATATTGCACAATGGACGAAAGTCTGATGCAGCAACGCCGCGTGTGCGATGAAGGCCTTCGGGTTGTAAAGCACTTTTATGAGGGAAGAGCAAGGACTGTACCTCATGAATAAGGATCGGCTAACTACGTGCCAGCAGCCGCGGTAACACGTAGGATCCTAGCGTTATCCGGATTTACTGGGCGTAAAGCGCGTGTAGGTGGTTTGCTAAGTTGGGTGTTAAATCTCTCGGCTCAACTGGGAGGTGTCGCTCAAAACTAGCAGACTGGAGGATGGTAGAGGAAGGCGGAATTCCGGGTGTAGTGGTGAAATGCGTAGATATCCGGAGGAACACCAGTGGCGAAGGCGGCCTTCTGGACCATTCCTGACACTCCAACGCGAAAGCTAGGGGAGCAAACGGGATTAGAAACC",8,0.379204892966361,415.833251707613,8
"GGAATATTGCACAATGGGCGAAAGCCTGATGCAGCAACGCCGCGTGTACGATGAAGGCCTTCGGGTTGTAAAGTACTTTTATGAGGGAAGAGTAAGGACTGTACCTCATGAATAAGGATCGGCTAACTACGTGCCAGCAGCCGCGGTAACACGTAGGATCCGAGCGTTATCCGGATTTACTGGGCGTAAAGCGCGTGTAGGTGGTCTGTTAAGTTAGGTGTTAAATCTCTCGGCTCAACTGGGAGGTGTCGCTTAAAACTGGCAGACTGGAGGACGGTAGAGGAAGGTGGAATTCCGGGTGTAGTGGTGAAATGCGTAGATATCCGGAGGAACATCAGTGGCGAAGGCGGCCTTCTGGACCGCTCCTGACACTCCAACGCGAAAGCTAGGGGAGCAAACGGGATTAGAAACC",12,0.294536817102138,0.522489030577266,12
"GGAATTTTCCACAATGGGCGAAAGCCTGATGGAGCAACGCCGCGTGCAGGATGAATGCCTTCGGGTTGTAAACTGCTTTTATCTGTGACGATTATGACGGTAGCAGATGAATAAGGATCGGCTAACTCCGTGCCAGCAGCCGCGGTCATACGGAGGATCCAAGCGTTATCCGGAATTACTGGGCGTAAAGAGTTGCGTAGGCGGCAGAGTAAGTTAGCAGTGAAAGCGTGTGGCTCAACCATACTCACATTGTTAAAACTGCTCAGCTAGAGGACAAGAGAGGTCACTGGAATTCCCTGTGTAGGAGTGAAATCCGTAGATATAGGGAGGAACACCGATGGCGTAGGCAGGTGACTGGCTTGTTCCTGACGCTCAGGCACGAAAGCGTGGGTAGCAAACGGGATTAGAAACC",17,0.313131313131313,0.978656701376737,17
"GGAATTTTCCACAATGGGGGCAACCCTGATGGAGCAACGCCGCGTGCAGGATGAATGCCTTCGGGTTGTAAACTGCTTTTATCTGTGACGATTATGACGGTAGCAGATGAATAAGGATCGGCTAACTCCGTGCCAGCAGCCGCGGTCATACGGAGGATCCAAGCGTTATCCGGAATTACTGGGCGTAAAGAGTTGCGTAGGCGGCAGAGTAAGTAGGTAGTGAAAGCGTGTGGCTCAACCATACTCACATTATCTAAACTGCTCAGCTAGAGGATGAGAGAGGTCACTGGAATTCCCTGTGTAGGAGTGAAATCCGTAGATATAGGGAGGAACACCGATGGCGTAGGCAGGTGACTGGCTCATTCCTGACGCTCAGGCACGAAAGCGTGGGTAGCAAACGGGATTAGAAACC",20,0.361516034985423,96.628271578451,20
"GGAATTTTCCACAATGGACGAAAGTCTGATGGAGCAACGCCGCGTGCAGGATGAAACCCTTCGGGGCGTAAACTGCTTTTATATGTGACGAATATGACGGTAGCATATGAATAAGGATCGGCTAACTCCGTGCCAGCAGCCGCGGTCATACGGAGGATCCAAGCGTTATCCGGAATTACTGGGCGTAAAGAGTTGCGTAGGCGGCATTGTAAGCAGGTAGTGAAATCGTGTGGCTCAACCATACTCACATTATCTGAACTGCAAAGCTAGAGGACAAGAGAGGTCACTGGAATTCCCTGTGTAGGAGTGAAATCCGTAGATATAGGGAGGAACACCGATGGCGTAGGCAGGTGACTGGCTTGTTCCTGACGCTCAGGCACGAAAGCGTGGGTAGCAAACGGGATTAGAAACC",19,0.318766066838046,10.7031139097507,19
"GGAATTTTCCACAATGGGGGCAACCCTGATGGAGCAACGCCGCGTGCAGGATGAAGGCCTTCGGGTTGTAAACTGCTTTTATATGTGACGAATATGACGGTAGCATATGAATAAGGATCGGCTAACTCCGTGCCAGCAGCCGCGGTCATACGGAGGATCCAAGCGTTATCCGGAATTACTGGGCGTAAAGAGTTGCGTAGGCGGCATTGTAAGCAGGTAGTGAAAGCGTGTGGCTCAACCATACTCACATTACCTGAACTGCAAAGCTAGAGGACAAGAGAGGTCACTGGAATTCCTAGTGTAGGAGTGAAATCCGTAGATATTAGGAGGAACACCGATGGCGTAGGCAGGTGACTGGCTTGTTCCTGACGCTCAGGCACGAAAGCGTGGGTAGCAAACGGGATTAGAAACC",9,0.301703163017032,146.403255361873,9
"GGAATTTTCCACAATGGGCGAAAGCCTGATGGAGCAACGCCGCGTGCAGGATGAATGCCTTCGGGTTGTAAACTGCTTTTATATGTGACGATTATGACGGTAGCATATGAATAAGGATCGGCTAACTCCGTGCCAGCAGCCGCGGTCATACGGAGGATCCAAGCGTTATCCGGAATTACTGGGCGTAAAGAGTTGCGTAGGTGGCAGGGTAAGTAGATAGTGAAAGCGTGTGGCTCAACCATACATCCATTATCTAAACTGCTCAGCTAGAGGATGAGAGAGGTTATTGGAATTCCCAGTGTAGGAGTGAAATCCGTAGATATTGGGAGGAACACCGATGGCGTAGGCAGATAACTGGCTCATTCCTGACACTAAGGCACGAAAGCGTGGGGAGCAAACGGGATTAGAAACC",25,0.394904458598726,8.5565030099306,25
"GGAATTTTCCACAATGGACGAAAGTCTGATGGAGCAACGCCGCGTGCAGGATGAATGCCTTCGGGTTGTAAACTGCTTTTATAGGTGACGAATATGACGGTAGCCTATGAATAAGCATCGGCTAATTCCGTGCCAGCAGCCGCGGTCATACGGAAGATGCAAGCGTTATCCGGAATTACTGGGCGTAAAGAGTTGCGTAGGTGGCATTGTAAGTCAGTAGTGAAAGCGTTCGGCTCAACCGGATACACATTATTGAAACTGCAAAGCTAGAGAATGAGAGAGGTATCTGGAATTCCCAGTGTAGGAGTGAAATCCGTAGATATTGGGAGGAACACCGATGGCGTAGGCAGGGTACTGGCTCATTTCTGACACTAAGGCACGAAAGCGTGGGGAGCAAACGGGATTAGAAACC",31,0.427586206896552,17.9773295477416,31
"GGAATATTGGACAATGGGCGCAAGCCTGATCCAGCCATGCCGCGTGAGTGATGAAGGCCTTAGGGTTGTAAAGCTCTTTCACCGATGAAGATAATGACGGTAGTCGGAGAAGAAGCCCCGGCTAACTTCGTGCCAGCAGCCGCGGTAATACGAAGGGGGCTAGCGTTGTTCGGAATTACTGGGCGTAAAGCGCACGTAGGCGGATATTTAAGTCAGGGGTGAAATCCCGCAGCTCAACTGCGGAACTGCCTTTGATACTGGGTATCTTGAGTATGGAAGAGGTAAGTGGAATTCCGAGTGTAGAGGTGAAATTCGTAGATATTCGGAGGAACACCAGTGGCGAAGGCGGCTTACTGGTCCATTACTGACGCTGAGGTGCGAAAGCGTGGGGAGCAAACAGGATTAGAAACC",5,0.250505050505051,0,5
"GGAATATTGGACAATGGGCGCAAGCCTGATCCAGCAATGCCGCGTGAGTGAAGAAGGCCTTAGGGTTGTAAAGCTCTTTCACCCGTGACGATGATGACGGTAGCGGGAGAAGAAGCCCCGGCTAACTCCGTGCCAGCAGCCGCGGTAATACGGAGGGGGCAAGCGTTGTTCGGAATTACTGGGCGTAAAGGGCGCGTAGGCGGCGCTCCAAGTCAGGCGTGAAAGGCCCGGGCTCAACCCGGGAACGGCGCTTGAGACTGGGGTGCTTGAGTCCGGGAGAGGATGGCGGAATTCCCAGTGTAGAGGTGAAATTCGTAGATATTGGGAAGAACACCGGTGGCGAAGGCGGCCATCTGGACCGGCACTGACGCTGAGGCGCGAAAGCGTGGGGAGCAAACAGGATTAGAAACC",27,0.48062015503876,487.458073201262,27
"GGAATCTTGCACAATGGGGGCAACCCTGATGCAGCGACGCCGCGTGAGCGATGAAGCCCTTCGGGGTGTAAAGCTCTTTCGGCAGGGACGATAATGACGGTACCTGAAGAAGAAGCTGCGGCTAACTACGTGCCAGCAGCCGCGGTAATACGTAGGCAGCGAGCGTTGTTCGGAGTTACTGGGCGTAAAGAGTGCGTAGGCGGTGTTCCAAGTCTGGTGTGAAATCTCCCGGCTCAACTGGGAGGGTGCGCCGGAAACTGGGACGCTGGAGTATGGGAGAGGTAAGCGGAATTCCTGGTGTAGCGGTGAAATGCGTAGATATCAGGAGGAACACCTGCGGTGTAGACGGCTTACTGGACCATGACTGACGCTGAGGCACGAAAGCGTGGGGAGCAAACAGGATTAGAAACC",32,0.433566433566434,219.720161978601,32
"GGAATCTTGCGCAATGGGCGAAAGCCTGACGCAGCGACGCCGCGTGCGGGACGAAGGCCCTCGGGTTGTAAACCGCTTTCAGCAGGGACGAAGCGAAAGTGACGGTACCTGCAGAAGAAGGTCCGGCCAACTACGTGCCAGCAGCCGCGGTAATACGTAGGGACCGAGCGTTGTCCGGATTCATTGGGCGTAAAGAGCTCGTAGGCGGCCACTCAAGTCGAATGTGAAACCTCGAGGCTCAACCTCGAGCCTGCATTCGATACTGGGCGGCTAGAGTCTGGTAGGGGGATCTGGAATTCCTGGTGTAGCGGTGGAATGCGCAGATATCAGGAGGAACACCGGTGGCGAAGGCGGGATCCTGGGCCAGTACTGACGCTGAGGAGCGAAAGCGTGGGGAGCAAACAGGATTAGAAACC",9,0.353276353276353,178.19178763474,9
"GGAATCTTGGTCAATGGGGGAAACCCTGAACCAGCGACGCCGCGTGACCGATGAAGGCCCTCGGGTCGTAAAGGTCTTTCGACGGGGACTATAATGAAGGTACCCGTAAAAGCAGGAGCGGCTAACTATGTGCCAGCAGCCGCGGTAATACATAGGCTCCAAGCGTTGTTCGGAATTACTGGGCGTAAAGCGAGTGTAGGCTGTCCGCCAAGTCGATTGTGAAATCTCCCGGCTCAACTGGGAGGGTGCGGTCGAAACTGGCGGACTAGAGTTCGGGAGAGGAGAGTGGAATTCCTGGTGTAGCGGTGAAATGCGTAGATATCAGGAGGAACACCGGCGGTGAAGACGGCTCTCTGGACCGATACTGACGCTGAGACTCGAAAGCGTGGGGAGCAAACAGGATTAGATACC",18,0.361516034985423,18.6653021032817,18
"GGAATTTTCCGCAATGGGCGAAAGCCTGACGGAGCAATGCCGCGTGGAGGTAGAAGGCCTACGGGTCGTGAACTTCTTTTCCCGGAGAAGAAACAATGACGGTATCTGGGGAATAAGCATCGGCTAACTCTGTGCCAGCAGCCGCGGTAATACAGAGGATGCAAGCGTTATCCGGAATGATTGGGCGTAAAGCGTCTGTAGGTGGCTTTTTAAGTCCGCCGTCAAATCCCAGGGCTCAACCCTGGACAGGCGGTGGAAACTACCAAGCTGGAGTACGGTAGGGGCAGAGGGAATTTCCGGTGGAGCGGTGAAATGCGTAGAGATCGGAAAGAACACCAACGGCGAAAGCACTCTGCTGGGCCGACACTGACACTGAGAGACGAAAGCTAGGGGAGCGAATGGGATTAGAAACC",20,0.315521628498728,1.83716653114784,20
"GGAATCTTGCGCAATGGGCGAAAGCCTGACGCAGCCATGCCGCGTGAATGATGAAGGTCTTAGGATTGTAAAATTCTTTCACCGGGGACGATAATGACGGTACCCGGAGAAGAAGCCCCGGCTAACTTCGTGCCAGCAGCCGCGGTAATACGAAGGGGGCTAGCGTTGCTCGGAATTACTGGGCGTAAAGGGAGCGTAGGCGGACTGTTTAGTCAGAGGTGAAAGCCCAGGGCTCAACCTTGGAATTGCCTTTGATACTGGCAGTCTTGAGTACGGAAGAGGTATGTGGAACTCCGAGTGTAGAGGTGAAATTCGTAGATATTCGGAAGAACACCAGTGGCGAAGGCGACATACTGGTCCGTTACTGACGCTGAGGCTCGAAAGCGTGGGGAGCAAACAGGATTAGAAACC",9,0.300970873786408,131.94614783024,9
"GGAATCTTGCGCAATGGGCGAAAGCCTGACGCAGCCATGCCGCGTGAATGATGAAGGTCTTAGGATTGTAAAATTCTTTCACCGGGGAAGATAATGACGGTACCCGGAGAAGAAGCCCCGGCTAACTTCGTGCCAGCAGCCGCGGTAATACGAAGGGGGCTAGCGTTGCTCGGAATTACTGGGCGTAAAGGGCGCGTAGGCGGACAGTTTAGTCAGAGGTGAAAGCCCAGGGCTCAACCTTGGAATTGCCTTTGATACTGGCTGTCTTGAGTTCGGGAGAGGTGAGTGGAATGCCGAGTGTAGAGGTGAAATTCGTAGATATTCGGCGGAACACCAGTGGCGAAGGCGACTCACTGGCCCGATACTGACGCTGAGGCGCGAAAGCGTGGGGAGCAAACAGGATTAGAAACC",7,0.324607329842932,436.633154364243,7
"GGAATATTGCACAATGGGCGAAAGCCTGATGCAGCAACGCCGCGTGCACGATGAAGGCCTTCGGGTCGTAAAGTGCTTTTCGGGGAGATGAGAAAGGACAGTATCCCCGGAATAAGGATCGGCTAACTACGTGCCAGCAGCCGCGGTAAAACGTAGGATCCGAGCGTTATCCGAATTTACTGGGCGTAAAGCGCGTGTAGGCGGTTCGGTAAGTTGGATGTGAAATCTCCTGGCTCAACTGGGAGAGGTCGTTCAATACTGTCGGACTAGAGGGTGGTAGAGGGAGGTGGAATTCCCGGTGTAGTGGTGAAATGCGTAGATATCGGGAGGAACACCAGTGGCGAAAGCGGCCTCCTAGACCGCTCCTGACGCTCAGACGCGAAAGCTAGGGGAGCGAACGGGATTAGAAACC",17,0.306172839506173,7.71490257841081,17
"GGAATTTTGGACAATGGGCGAAAGCCTGATCCAGCGACGCCGCGTGCACGAAGAAGGTCTTCGGATTGTAAAGTGCTTTTGGCAGGGACAAATTTTGATGGTACCTGCAGAATAAGAGGTTGCTAACTCTGTGCCAGCAGCAGCGGTAATACAGAGACCTCAAGCGTTATCCGGAATCATTGGGCGTAAAGCGTACCGATCGGTGGTTTATCAAGTCTTGGGTAAAAGCCGGAAGCTCAACTTCCGCGTTTGCTTAAGATACTGATAGGCTCGAGGGGCAAAGAGGTGCTTGGAACGAACGGTGTAGTAGTGAAATGCGTTGATATCGTTCGGAACACCGAAAGCGAAGGCAGAGCACTGGGTGCCACCTGACACTGCTAGGACGAAAGCGTGGGTAGCGAATGGGATTAGAAACC",18,0.334231805929919,4.2318821167736,18
"GGGATATTGCACAATGGACGCAAGTCTGATGCAGCAACGCCGCGTGCCCGATGAAGGCCTTCGGGTCGTAAAGGGCTTTTCTGGCTGAAGAAAAGGACTGTAAGCCAGGAATAAGTGTCGGCTAACTACGTGCCAGCAGCCGCGGTAAAACGTAGGACGCGAGCGTTATCCGGAGTTACTGGGCGTAAAGCGCGGGCAGGCGGTCTGACAAGTCTGATGTGAAATCACCCAGCTTAACTGGGCGAGGCCATTGGAAACTGACAGGCTGGAGGGCAGTAGAGGCAGGCGGAATTCCGGGTGGAGTGGTGAAATGCGTAGAGATCCGGAGGAACACCAGAGGCGAAGGCGGCCTGCTGGGCTGCACCTGACGCTGAGCCGCGAAAGCCAGGGGAGCGAACGGGATTAGATACC",5,0.250505050505051,0,5
"GGAATTTTGCCCAATGGACGAAAGTCTGAGGCAGCAACTCCGCGTGAAGGATGAAGGCTCTAGGGTCGTAAACTTCTTTTCTCAGGGAAGATCCAAGACGGTACCTGAGGAATAAGCCACGGCTAACTACGTGCCAGCAGCCGCGGTAATACGTAGGTGGCAAGCGTTGTCCGGATTTACTGGGCGTAAAGAGCGCGCAGGCGGCTGGTCAAGTCCGATGTGAAATCTCCCGGCTCAACTGGGAAACTGCATCGGAAACTGATCGGCTTGAAGGTGGGAGAGGGTAGTGGAATTCCCGGTGTAGTGGTGAAATGCGTAGATATCGGGAGGAACACCAGTGGCGAAGGCGACTACCTGGCCCATTCTTGACGCTGAGGCGCGAAAGCTAGGGGAGCGAACGGGATTAGAAACC",24,0.374622356495468,149.581978356468,24
"GGAATTTTCCACAATGGGGGCAACCCTGATGGAGCAACGCCGCGTGCAGGATGAAGGCTTTCGGGTCGTAAACTGCTTTTCTCTGTGACGATTTTGACGGTAGCAGAGGAATAAGGGTCGGCTAACTACGTGCCAGCAGCCGCGGTCATACGTAGGACCCAAGCGTTATCCGGAATTACTGGGCGTAAAGAGTTGCGTAGGCGGCTGAGTAAGTCGGTAGTGAAATCATATGGCTCAACCATATGTCCATTATTGAAACTGCTCGGCTAGAGGATGAGAGAGGTACCTGGAATTCCTAGTGTAGGAGTGAAATCCGTAGATATTAGGAGGAACACCGATGGCGTAGGCAGGGTACTGGCTCATTCCTGACGCTCAGGCACGAAAGCGTGGGGAGCGAACGGGATTAGAAACC",21,0.363636363636364,169.798985980897,21
"GGAATTTTCCGCAATGGGCGAAAGCCTGACGGAGCAATACCGCGTGAGGGAAGAATGCCTATGGGTTGTAAACCTCTTTTTTCAGGGAGGAATAAAATGACGTGTACCTGAAGAATAAGCATCGGCTAACTCCGTGCCAGCAGCCGCGGTAAGACGGAGGATGCAAGTGTTATCCGGAATCACTGGGCGTAAAGCGTCTGTAGGTGGTTTAATAAGTCAACTGTTAAATCTTGATGGCTCAACTTCAAAATCGCAGTCGAAACTATTAGACTAGAGTATAGTAGAGGTAAAGGGAATTTCCAGTGGAGCGGTGAAATGCGTAGATATTGGAAAGAACACCGATGGCGAAAGCACTTTACTGGGCTATTACTAACACTCAGAGACGAAAGCTAGGGTAGCAAATGGGATTAGATACC",7,0.275555555555556,64.6127697972157,7
"GGAATTTTGCGCAATGGGCGAAAGCCTGACGCAGCAACGCCGCGTGGGGGAAGAAGGCTCTCGGGTCGTAAACCCCTTTTGCCGGGGAAGATAATGACGGTACCCGGCGAATAAGCCACGGCTAACTACGTGCCAGCAGCCGCGGTAATACGTAGGTGGCAAGCGTTGTCCGGATTTATTGGGCGTAAAGGGCGCGCAGGCGGTTCGTCAAGTCCGAGGTGAAATCTCCCGGCCTAACTGGGAGGGGTCTTCGGATACTGGCGGACTTGAGGAGAGCAGAGGTGAGCGGAATTCTCGGTGTAGTGGTGAAATGCGTAGATATCGAGAGGAACACCAGCGGCGAAGGCGGCTCACTGGGCTCCACCTGACGCTGAGGCGCGAAAGCGTGGGGAGCAAACCGGATTAGATACC",17,0.366863905325444,34.678230583757,17
"GGAATATTGCTCAATGGGCGCAAGCCTGAAGCAGCGACGCCGCGTGGATGAAGAAGGTTTTCGGACTGTAAAATCCTTTTCTGTGTGACGAGAGTGGACGGTAGCACAGGAATAAGTCTCGGCTAACTACGTGCCAGCAGCCGCGGTAAAACGTAGGAGGCAAGCGTTATCCGGAGTTACTGGGCGTAAAGCGCGTGTAGGTGGATTGGTAAGTTACTTATGAAAGCCCTTGGCTAAACTAGGGGAGGTTGAGTGATACTGCCAGTCTTGAATCGAGGAGAGGTTGACGGAATTCCGCGTGTAGTGGTGAAATGCGTAGAGATGCGGAAGAACACCAGTGGCGAAGGCGGTCAACTGGCCTCAGATTGACACTCAGACGCGAAGGCATGGGTAGCGAACGGGATTAGATACC",26,0.438162544169611,245.702998385794,26
"GGAATATTGCTCAATGGGCGCAAGCCTGAAGCAGCGACGCCGCGTGGATGAAGAAGGTTTTCGGACTGTAAAATCCTTTTCTGTGTGACGAGAGTGGACGGTAGCACAGGAATAAGTCTCGGCTAACTACGTGCCAGCAGCCGCGGTAAAACGTAGGAGGCAAGCGTTATCCGGAGTTACTGGGCGTAAAGCGCGTGTAGGTGGATTGGTAAGTTACTTATGAAAGCCCTTGGCTAAACTAGGGGAGGTTGAGTGATACTGCCAGTCTTGAATCGAGGAGAGGTTGACGGAATTCCGCGTGTAGTGGTGAAATGCGTAGAGATGCGGAAGAACACCAGTGGCGAAGGCGGTCAACTGGCCTCAGATTGACACTCAGACGCGAAGGCATGGGTAGCGAACGGGATTAGAAACC",29,0.424657534246575,28.5573955051287,29
"GGAATATTGCTCAATGGGCGCAAGCCTGAAGCAGCGACGCCGCGTGGATGAAGAAGGTTTTCGGACTGTAAAATCCTTTTCTGTGTGACGAGAGTGGACGGTAGCACAGGAATAAGTCTCGGCTAACTACGTGCCAGCAGCCGCGGTAAAACGTAGGAGGCAAGCGTTATCCGGAGTTACTGGGCGTAAAGCGCGTGTAGGTGGATTGGTAAGTTACTTATGAAAGCCCTTGGCTAAACTAGGGGAGGTTGAGTGATACTGCCAGTCTTGAATAGAGGAGAGGTTGACGGAATTCCGCGTGTAGTGGTGAAATGCGTAGAGATGCGGAAGAACACCAGTGGCGAAGGCGGTCAACTGGCCTCATATTGACACTCAGACGCGACAGCATGGGTAGCGAACGGGATTAGAAACC",7,0.34733893557423,0.761860454537278,7
"GGAATATTGCTCAATGGGCGAAAGCCTGAAGCAGCGACGCCGCGTGGGTGAAGAAGGTTTTCGGACTGTAAAACCCTTTTCTGCGTGACGAGAGTGGACGGTAGCGCAGGAATAAGTCTCGGCTAACTACGTGCCAGCAGCCGCGGTAAAACGTAGGAGGCAAGCGTTATCCGGAGTTACTGGGCGTAAAGCGCGTGCAGGTGGATTGGTAAGTTACTTATGAAAGCCCTTGGCTAAACTAGGGGAGGTTGAGTGATACTGCCAGTCTTGAATAGAGGAGAGGTTGACGGAATTCCGCGTGTAGTGGTGAAATGCGTAGAGATGCGGAAGAACACCAGTGGCGAAGGCGGTCAACTGGCCTCATATTGACACTCAGACGCGACAGCATGGGTAGCGAACGGGATTAGATACC",18,0.325459317585302,39.7934254115053,18
"GGAATATTGCTCAATGGGCGAAAGCCTGAAGCAGCGACGCCGCGTGGGTGAAGAAGGTTTTCGGACTGTAAAACCCTTTTCTGCGTGACGAGAGTGGACGGTAGCGCAGGAATAAGTCTCGGCTAACTACGTGCCAGCAGCCGCGGTAAAACGTAGGAGGCAAGCGTTATCCGGAGTTACTGGGCGTAAAGCGCGTGCAGGTGGATTGGTAAGTTACTTATGAAAGCCCTTGGCTAAACTAGGGGAGGTTGAGTGATACTGCCAGTCTTGAATAGAGGAGAGGTTGACGGAATTCCGCGTGTAGTGGTGAAATGCGTAGAGATGCGGAAGAACACCAGTGGCGAAGGCGGTCAACTGGCCTCATATTGACACTCAGACGCGACAGCATGGGTAGCGAACGGGATTAGAAACC",24,0.414715719063545,505.316277822684,24
"GGAATATTGGACAATGGGCGCAAGCCTGATCCAGCCATGCCGCGTGGGTGATGAAGGCCTTAGGGTTGTAAAGCCCTTTCGCGCGCGACGATGATGACGGTAGCGCGAGAAGAAGCCTCGGCTAACTCCGTGCCAGCAGCCGCGGTAAGACGGAGGAGGCTAGCGTTGTTCGGAATTACTGGGCGTAAAGCGTGCGTAGGCGGCCTGGTTAGTCGGAGGTGAAATCCCGGGGCTCAACTCCGGAACTGCCTCCGAGACGGCTGGGCTTGAGCGAAGGAGAGGAGAGCGGAATTCCCAGTGTAGAGGTGAAATTCGTAGATATTGGGAAGAACACCGGTGGCGAAGGCGGCTCTCTGGCCTTTTGCTGACGCTCAGGCACGAAAGCGTGGGGAGCAAACAGGATTAGAAACC",14,0.391167192429022,2.81806674843771,14
"GGAATATTGCCCAATGGAGGAAACTCTGAGGCAGCAACGCCGCGTGAACGATGACGGCCTTCGGGTTGTAAAGTTCTTTTCTCAGGGAAGATAATGACGGTACCTGAGGAATAAGTCCCGGCTAACTACGTGCCAGCAGCCGCGGTAAAACGTAGGGGACAAGCGTTATCCGGATTTACTGGGCGTAAAGCGCCCGTAGGCGGCTCGATAAGTTGGACGTGAAAGCTCCCGGCTTAACTGGGAGAGGCCGTTCAAAACTGTCAAGCTAGAGTGAGGAAGAGGAGAGCAGAATTCCCGGTGTAGTGGTGGAATGCGTAGAGATCGGGAGGAATACCAGTGGCGAAAGCGGCTCTCTGGTCCTAAACTGACGCTGAGGGGCGAAAGCGTGGGGAGCGAACGGGATTAGAAACC",19,0.370149253731343,31.6383292526216,19
"GGAATATTGCCCAATGGAGGAAACTCTGAGGCAGCAACGCCGCGTGAACGATGACGGCCTTCGGGTTGTAAAGTTCTTTTCTCAGGGAAGATAGTGACGGTACCTGAGGAATAAGTCCCGGCTAACTACGTGCCAGCAGCCGCGGTAAAACGTAGGGGACAAGCGTTATCCGGATTTACTGGGCGTAAAGCGCCCGTAGGCGGCTTTTTAAGTTGGACGTGAAAGCTCCCGGCTTAACTGGGAGAGGCCGTTCAAAACTGGAAAGCTAGAGTGAGGAAGAGGAGAGCAGAATTCCCGGTGTAGTGGTGGAATGCGTAGAGATCGGGAGGAATACCAGTGGCGAAAGCGGCTCTCTGGTCCTAAACTGACGCTGAGGGGCGAAAGCGTGGGGAGCGAACGGGATTAGAAACC",21,0.397435897435897,123.880597331666,21
"GGAATTTTGCGCAATGGACGAAAGTCTGACGCAGCAACGCCGCGTGAGGGATGACGGCCTTCGGGTTGTAAACCTCTTTTGTCAGGGACGATGATGACGGTACCTGACGAATAAGCCACGGCTAACTACGTGCCAGCAGCCGCGGTAATACGTAGGTGGCAAGCGTTGTCCGGATTTACTGGGCGTAAAGAGCGCGCAGGCGGTCGTTCAAGTCGCGTGTGAAAGCCCCCGGCTCAACTGGGGAGGGTCACGCGATACTGATCGACTCGAAGGCAGGAGAGGGTAGTGGAATTCCCGGTGTAGTGGTGAAATGCGTAGATATCGGGAGGAACACCAGTGGCGAAGGCGACTACCTGGCCTGTTCTTGACGCTGAGGCGCGAAAGCTAGGGGAGCAAACGGGATTAGAAACC",17,0.324607329842932,31.5737118767723,17
"AGAATCTTCCGCAATGGGCGAAAGCCTGACGGAGCGATACAGCGTGGTGGATGAAGTGCCTCGGCACGTAAACACCTTTTATGTGGGACGAAATTATTGACGGTACCACATGAATAAGGGGCTCCTAACTCTGTGCCAGCAGGAGCGGTAATACAGAGGCCCCAAGCGTTATCCGGAATCACTGGGCGTAAAGGGTGTCAAGGCGGTCATGTTAGTCGTTCGTAAAATCCGTGGGCTCAACCTACGGCCTGCGAGCGAAACGGCATGACTTGAGGGTGGGAGAGGTGCGTGGAACTCACGGTGTAGGGGTGAAATCCGTTGATATCGTGGGGAACACCAAAGGCGAAGGCAGCGCACTGGCCCATTCCTGACGCTCACACACGAAAGCCAGGGTAGCGAACGGGATTAGAAACC",16,0.305418719211823,7.24782908337432,16
"AGAATCTTCCGCAATGGACGAAAGTCTGACGGAGCGACGCCGCGTGCTGGACGAAGTGCTTCGGTACGTAAACAGCTTTTATGAGGGACGAAATTATTGACGGTACCTCATGAATAAGGGGCTCCTAACTCTGTGCCAGCAGGAGCGGTAATACAGAGGCCCCAAGCATTATCCGGAATCACTGGGCGTAAAGGGTGTCAAGGCGGTCGTGTTAGTCGTTCGTAAAATCCGTGGGCTTAACCTACGGCCTGCGAGCGAAACGGCACGACTAGAGGTAGGGAGAGGTGCATGGAACTCACGGTGTAGGGGTGAAATCCGTTGATATCGTGGGGAACACCAAAGGCGAAGGCAGTGCACTGGCCCTAATCTGACGCTCACACACGAAAGCCAGGGTAGCGAACGGGATTAGAAACC",22,0.372372372372372,133.182900497586,22
"GGAATCTTGCGCAATGGGCGAAAGCCTGACGCAGCAACGCCGCGTGGGGGATGAAGGCCTTCGGGTTGTAAACCCCTTTCGGGAGGGAAGAAATTGACGGTACCTCCAAAAGAAGCACCGGCCAACTACGTGCCAGCAGCCGCGGTAATACGTAGGGTGCGAGCGTTATCCGGAATCATTGGGCGTAAAGAGCTCGTAGGCGGTTCAGCAAGTCGGCTGTGAAAGTCCGAGGCTCAACCTCGGAATTGCAGTCGATACTGCTGTGACTCGAGTCCGGTAGAGGAGAATGGAATTCTCGGTGTAGCGGTGAAATGCGCAGATATCGAGAGGAACACCAGTAGCGAAGGCGGTTCTCTGGGCCGGCACTGACGCTGAGGAGCGAAAGCGTGGGGAGCAAACAGGATTAGAAACC",8,0.259958071278826,99.6998637061253,8
"GGAATCTTGGACAATGGGCGAAAGCCTGATCCAGCCATGCCGCGTGAGTGATGAAGGCCCTAGGGTTGTAAAGCTCTTTCGCCAGGGAAGATAATGACGGTACCTGGATAAGAAGCCCCGGCTAACTTCGTGCCAGCAGCCGCGGTAATACGAAGGGGGCTAGCGTTGTTCGGAATTACTGGGCGTAAAGCGCACGTAGGCGGTTTTCCAAGTTGGAGGTGAAATCCCCGGGCTTAACCTGGGAACGGCCCCCAAAACTGGAAGGCTAGAGTCCGAGAGAGGTGAGTGGAATTTCCAGTGTAGAGGTGAAATTCGTAGATATTGGAAAGAACACCAGTGGCGAAGGCGGCTCACTGGCTCGGTACTGACGCTGAGGAGCGACAGCGTGGGGAGCAAACAGGATTAGAAACC",18,0.331550802139037,55.6421257232679,18
"GGAATCTTGGACAATGGGCGCAAGCCTGATCCAGCCATGCCGCGTGAGTGATGAAGGCCCTAGGGTTGTAAAGCTCTTTCGCCAGGGAAGATAATGACGGTACCTGGATAAGAAGCCCCGGCTAACTCCGTGCCAGCAGCCGCGGTAATACGGAGGGGGCTAGCGTTGTTCGGAATTACTGGGCGTAAAGCGCACGTAGGCGGCTATCCAAGTTGGGGGTGAAATCCCTGGGCTTAACCCAGGAACTGCCTTCAAAACTGGATGGCTAGAGTCCGAGAGAGGTGAGTGGAATTTCCAGTGTAGAGGTGAAATTCGTAGATATTGGAAAGAACACCAGTGGCGAAGGCGGCTCACTGGCTCGGTACTGACGCTGAGGTGCGACAGCGTGGGGAGCAAACAGGATTAGAAACC",15,0.307692307692308,14.6775767919628,15
"GGAATATTGCACAATGGGCGCAAGCCTGATGCAGCGACGCCGCGTGGGCGATGAAGGTCTTCGGATCGTAAAGCCCTTTTCTGTGTGACGAGATCAAGGACGGTAGCACAGGAATAAGTCTCGGCTAACTACGTGCCAGCAGCCGCGGTAAAACGTAGGAGGCAAGCGTTATCCGGAGTTACTGGGCGTAAAGCGCGTGTAGGCGGTGCAGCAGGTCAGATGTGAAAGCTCCCAGGCTTAACCGGGAGAGGTCATTTGAAACCGCTGCGCTTGAGGATGATAGAGGGATGTGGAATTCCGGGTGTAGTGGTGAAATGCGTAGATATCCGGAGGAACACCAGTGGCGCAGGCGGCATCCTGGGTCATTTCTGACGCTGAGACGCGAAAGCATGGGGAGCGAACGGGATTAGAAACC",24,0.409240924092409,452.727308874367,24
"AGAATCTTCCGCAATGGGCGAAAGCCTGACGGAGCGACGCCGCGTGATGGACGAAGTCCTTAGGGACGTAAACATCTTTTATGAGGGAGAAAGTCATTGATAGTACCTCATGAATAAGGGGTTGCTAAACTCGTGCCAGCAGCAGCGGTAATACGAGTGCCCCAAGCGTTATCCGGAATCATTGGGCGTAAAGGGTGTGTAGGCGGCTGTGTTAGTCTCCTGTCAAAGCCTCGGGCTCAACCCGAGACCTGCAGGGGAAACGGCACGGCTAGAGGATGCGAGGGGTGAATGGAACTCATGGAGTAGGGGTGATATCCGTTGATATCATGGGGAACACCAAAAGCGAAGGCAATTCACTGGCGCACTCCTGACGCTGAAACACGAAAGCGTGGGTAGCGAACGGGATTAGAAACC",22,0.355300859598854,271.45014783995,22
"AGAATATTTGGCAATGGGCGCAAGCCTGACCATGCGACGCCGCGTGGTTGATGAAGTCCTTCGGGACGTAAAGACCTTTTATGAGGGAGGAAGTAATTGACGTTACCTCATGAATAAGGGGCTCCTAACTCTGTGCCAGCAGGAGCGGTAATACAGAGGCCCCGAGCATTATCCGGAATCACTGGGCGTAAAGGGTGTGTAGGCGGCTTAGTTAGTCCTTCGTGAAAGCTCTCGGACTCAATCCGGGAAACGCGGTGGAAACGGCTAGGCTTAGAGGACGCGAGAGGTAGAGGGAACTCATGGTGTAGGGGTGAAATCCGTTGATATCATGGGGAACACCAAATGCGAAGGCACTCTACTGGCGCGCTCCTGACGCTGAGACACGAAAGCGTGGGAATCGAATGGGATTAGAAACC",30,0.427586206896552,17.0534726063451,30
"GGAATATTGGACAATGGGCGAAAGCCTGATCCAGCAACGCCGCGTGAGGGATGACGGCCTTCGGGTTGTAAACCTCTTTCAGCAGGGACGAAGCGCAAGTGACGGTACCTGCAGAAGAAGCACCGGCCAACTACGTGCCAGCAGCCGCGGTAATACGTAGGGTGCGAGCGTTGTCCGGAATTATTGGGCGTAAAGGGCTCGTAGGCGGTTTGTCGCGTCGGGAGTGAAAACTCAGGGCTTAACCCTGAGCCTGCTTCCGATACGGGCAGACTAGAGGTATGCAGGGGAGAACGGAATTCCTGGTGTAGCGGTGAAATGCGCAGATATCAGGAGGAACACCGGTGGCGAAGGCGGTTCTCTGGGCATTACCTGACGCTGAGGAGCGAAAGTGTGGGGAGCGAACAGGATTAGAAACC",19,0.332439678284182,63.6716152715809,19
"GGAATATTGGACAATGGGCGAAAGCCTGATCCAGCAACGCCGCGTGAGGGATGACGGCCTTCGGGTTGTAAACCTCTTTCAGCAGGGACGAAGCGCAAGTGACGGTACCTGCAGAAGAAGCACCGGCCAACTACGTGCCAGCAGCCGCGGTAATACGTAGGGTGCGAGCGTTGTCCGGAATTATTGGGCGTAAAGGGCTCGTAGGCGGTTTGTCGCGTCGGGAGTGAAAACTCAGGCTTAACCCTGAGCCTGCTTCCGATACGGGCAGACTAGAGGTATGCAGGGGAGAACGGAATTCCTGGTGTAGCGGTGAAATGCGCAGATATCAGGAGGAACACCGGTGGCGAAGGCGGTTCTCTGGGCATTACCTGACGCTGAGGAGCGAAAGTGTGGGGAGCGAACAGGATTAGATA",20,0.315521628498728,1.74604034417766,20
"GGAATATTGGACAATGGGCGCAAGCCTGATCCAGCCATGCCGCGTGCGTGAAGAAGGCCTTAGGGTTGTAAAGCGCTTTCACTGGTGAAGATGATGACGGTAGCCAGAGAAGAAGCCCCGGCTAACTCCGTGCCAGCAGCCGCGGTAATACGGAGGGGGCAAGCGTTGTTCGGAATTACTGGGCGTAAAGGGCGCGTAGGCGGACCATTAAGTTAGGGGTGAAAGGCCTGGGCTCAACCTGGGAACGGCCTCTAAGACTGATGATCTGGAGTCCGGAAGAGGATGGCGGAATTCCCAGTGTAGAGGTGAAATTCGTAGATATTGGGAAGAACACCGGTGGCGAAGGCGGCCATCTGGTCCGGCACTGACGCTGAGGCGCGAAAGCGTGGGGAGCAAACAGGATTAGATACC",21,0.372372372372372,38.0288612544395,21
"AGAATCTTCCGCAATGGGCGAAAGCCTGACGGAGCGACGCCGCGTGATTGATGAAGTCCTTAGGGATGTAAAGATCTTTTATGAGGGAGGAAGTTTATTGACGTTACCTCATGAATAAGGGGTTGCTAAACTCGTGCCAGCAGCAGCGGTAATACGAGTGCCCCAAGCGTTATCCGGAATCACTGGGCGTAAAGCGTGTGTAGGCGGTCACATTAGTCTTCTGTTAAATTCTTCGGCTTAACCGGGGGCAAGCGGAGGAAACGGTGTGACTTGAGGGTGCGAGGGGCCAGTGGAACTCATGGAGTAGGGGTGAAATCCGTTGATATCATGGGGAACACCAAAAGCGAAGGCAACTGGCTGGCGCACTCCTGACGCTCAAACACGAAAGCGTGGGTAGCGAATGGGATTAGAAACC",20,0.414715719063545,64.4028832401021,20
"GGAATATTGCACAATGGACGCAAGTCTGATGCAGCAACGCCGCGTGCCCGATGAAGGCCTTCGGGTTGTAAAGGGCTTTTCGGGGAGAGGAGCAAGGACAGTATCCCCGGAAGAAGGATCGGCTAACTACGTGCCAGCAGCCGCGGTAAAACGTAGGATCCGAGCGTTATCCGAATTCACTGGGCGTAAAGCGCGTGCAGGCGGCCGAGTAAGTTGGATGTGAAATCTCCCGGCTCAACTGGGAGGCGACGTTCAAGACTGCCCGGCTCGAGGACGGTAGAGGGAGGTGGAATTCCCGGTGTAGTGGTGAAATGCGTAGAGATCGGGAGGAACACCAGTGGCGAAGGCGGCCTCCTGGGCCGTACCTGACGCTCAGACGCGAAAGCTAGGGGAGCGAACGGGATTAGAAACC",14,0.340659340659341,149.517772348785,14
"GGAATATTGAGCAATGGGCGCAAGCCTGACTCAGCAACGCCGCGTGGATGAAGAAGGCCTTCGGGTTGTAAAATCCTTTTCTGGGGGAAGATAATGACGGTACCCCAGGAATAAGTTCCGGCTAACTACGTGCCAGCAGCCGCGGTAAAACGTAGGGGACGAGCGTTATCCGGATTTACTGGGCGTAAAGCGCATGTAGGTGGCTTGAAAAGTTGGACGTGAAAGCTCCCGGCTTAACTGGGAGAGGTCGTTCAAAACTGGCAAGCTTGAGGTTGGAAGAGGAGAGCGGAATTCCCGGTGTAGTGGTGGAATGCGTAGATATCGGGAGGAACACCAGTGGCGAAAGCGGCTCTCTGGTTCAATACTGACACTGAGATGCGAAAGCGTGGGGAGCGAACGGGATTAGATACC",14,0.357348703170029,16.3579895038915,14
"GGAATCTTCCACAATGGGCGAAAGCCTGATGGAGCAACGCCGCGTGCAGGATGAAGGCTTTCGGGTCGTAAACTGCTTTTATCTGTGACGATTTTGACGGTAGCAGATGAATAAGGATCGGCTAACTCCGTGCCAGCAGCCGCGGTCATACGGAGGATCCAAGCGTTATCCGGAATTACTGGGCGTAAAGAGTTGCGTAGGTGGCATTGTAAGTTGATAGTGAAATGATCCGGCTCAACCGGGTGCCCATTATCAAAACTGCAAAGCTAGAGGACGAGAGAGGTTATTGGAATTCCTAGTGTAGGAGTGAAATCCGTAGATATTAGGAGGAACACCGATGGCGTAGGCAGATAACTGGCTCGTTCCTGACACTAAGGCACGAAAGCGTGGGTAGCAAACGGGATTAGAAACC",25,0.4,468.24391470867,25
"GGAATCTTGGACAATGGGGGAAACCCTGATCCAGCCATGCCGCGTGAGTGATGAAGGCCTTCGGGTTGTAAAACTCTTTCGACGGGGACGATAATGACGGTACCCGTAGAAGAAGCTCCGGCTAACTTCGTGCCAGCAGCCGCGGTAATACGAAGGGGGCTAGCGTTGTTCGGAATTACTGGGCGTAAAGCGCGCGCAGGCGGTTTTCCAAGTCAGTGGTGAAAGCCCGGAGCTCAACTCCGGAACTGCCATTGAAACTGTTAAACTTGAGGACGAGAGAGGTGAGTGGAATTCCCAGTGTAGAGGTGAAATTCGTAGATATTGGGAAGAACACCGGTGGCGAAGGCGGCTCACTGGCTCGTTTCTGACGCTCAGGCGCGATAGCGTGGGGATCAAACAGGATTAGAAACC",23,0.317135549872123,14.874843996171,23
"GGAATATTGCACAATGGACGCAAGTCTGATGCAGCAACGCCGCGTGGAGGATGAAGGTCTTTGGATTGTAAACTCCTTTTTTCAGGGAAGAGTGAGGACGGTACCTGAAGAATAAGTCACGGCTAACTACGTGCCAGCAGCCGCGGTAATACGTAGGTGGCAAGCGTTATCCGGAATTACTGGGCGTAAAGCGCACGCAGGCGGCTAGTCAAGTTCGACGTGAAAGCTCCCGGCTTAACTGGGAGAGGTCGTTGAAAACTGGTTAGCTTGAGGCAATGAGAGGGGTGTAGAATTCCCGGTGTAGTGGTGGAATGCGTAGATATCGGGAGGAATACCAGTGGCGAAAGCGGCACCCTAGCGTTAGCCTGACGCTCATGTGCGAAAGCGTGGGGAGCGAACGGGATTAGAAACC",17,0.385093167701863,121.042923998071,17
"GGAATATTGGACAATGGGCGAAAGCCTGATCCAGCCATGCCGCGTGAGTGATGAAGGCCTTAGGGTTGTAAAGCTCTTTCGCCGGGGAAGATAATGACGGTACCCGGAAAAGAAGCCTCGGCTAACTCCGTGCCAGCAGCCGCGGTAAGACGGAGGAGGCTAGCGTTATTCGGAATTACTGGGCGTAAAGCGTGCGCAGGTTGTGAGTCTAGTTGGATGTGAAAGCCCGGGGCTTAACCTCGGATGTGCATCCAAAACTGGCTCGCTGGAGGTTGGAAGAGGAGAGTGGAATTCCCAGTGTAGAGGTGAAATTCGTAGATATTGGGAAGAACACCAGTGGCGAAGGCGGCTCTCTGGTCCATACCTGACACTCATGCACGAAAGCGTGGGGAGCAAACAGGATTAGAAACC",28,0.421768707482993,16.296464224819,28
"GGGATATTGGTCAATGGGGGCAACCCTGAACCAGCGACGCCGCGTGGGTGATGAAGGTCTTCGGATCGTAAAACCCTTTTCAAGGTGACGAGACAAGGACGGTAGCCTTGGAAGAAGTCTCGGCTAACTACGTGCCAGCAGCCGCGGTAAAACGTAGGAGGCAAGCGTTATCCGGAGTTACTGGGCGTAAAGCGCATGTAGGCGGTTGGGCAAGTGGCGTGTGAAAGCTCCCGGCTAAACTGGGAGACGACAGGTCAGACTGCCGAACTGGAGTCCGATAGAGGAGCGTAGAATTCCGGGTGTAGCGGTGAAATGTGTAGAGATCCGGAGGAATACCAGTGGCGCAAGCGGCGCTCTGGGTCGGGACTGACGCTGAGATGCGAAAGCGTGGGGAGCGAACGGGATTAGAAACC",8,0.392405063291139,304.076994675852,8
"GGAATATTGGACAATGGGCGCAAGCCTGATCCAGCCATGCCGCGTGAGTGATGAAGGCCTTCGGGTTGTAAAGCTCTTTCAGATGCGAAGATAATGACGGTAACATCAGAAGAAGCCCCGGCTAAATTCGTGCCAGCAGCCGCGGTAATACGAATGGGGCAAGCGTTGTTCGGAATCACTGGGCTTAAAGCGTGCGTAGGCGGATTTGCAAGTCAGGAGTGAAATCCCAGGGCTTAACCCTGGAATTGCTTTTGAAACTGCAAATCTAGAATCTTGAAGAGGTTAGCAGAATTCCGAGTGTAGAGGTGAAATTCGCAGATATTCGGAGGAATACCAATGGCGTAGGCAGCTAACTGGGCAAGTATTGACGCTGAGGCACGAAAGCGTGGGGAGCAAACAGGATTAGATACC",31,0.450909090909091,183.650964156433,31
"GGGATCTTGCGCTAATGCGCGAAAGCGTGACGCAGCGACGCCGCGTGGGGGATGAAGGCCCTCGGGTTGTAAACCCCTTTCGGCAGGGACGAAGGGAAACTGACGGTACCTGCAGAAGAAGTCCCGGCTAACTACGTGCCAGCAGCCGCGGTAACACGTAGGGGACGAGCGTTGTCCGGATTCATTGGGCGTAAAGCGCGCGTAGGCGGCTCGGAAAGTCGGTCGTGAAATCCTGGGGCTCAACCCCGGAACTGCGTCCGATACTTCCGAGCTGGAGGCAGGTAGGGGAGATCGGAATTCCTGGTGTAGCGGTGAAATGCGCAGATATCAGGAGGAACACCGGTGGCGAAGGCGGATCTCTGGGCCTTGCCTGACGCTGAGGCGCGAAAGCTAGGGGAGCGAACAGGATTAGAAACC",12,0.294536817102138,0.802560217025019,12
"CGAATCTTCCGCAATGGGCGAAAGCCTGACGGAGCAATGCCGCGTGCGGGATGAAGCCCTTCGGGGTGTAAACCGCTGTCAGGGTTTAGGAACACAATGACCAAACCCAGAGGAAGGGCCGGCTAACTCTGTGCCAGCAGCCGCGGTAATACAGAGGGCCCGAGCGTTACGCGGATTCACTGGGCTTAAAGGGTGCGTAGGCGGCGGCGTAAGTGCTTTGTGAAATCCCACGGCTTAACCGTGGAATTGCAAGGCATACTGCGTCGCTTGAGGCCAGTAGAGGGTGCCGGAACTGTAGGTGTAGCGGTGAAATGCGTAGATATCTACAGGAACGCCGATGGTGAAGACAGGCACCTGGGCTGGTTCTGACGCTGAGGCACGAAAGCGTGGGGAGCAAACAGGATTAGAAACC",6,0.26271186440678,21.2091307814992,6
"GGAATATTGCACAATGGGCGGAAGCCTGATGCAGCGACGCCGCGTGGGGGATGACGGCCTTCGGGTTGTAAACCCCTTTCGCCCGGGACGAAGCGAGAGTGACGGTACCGGGAGAAGAAGCACCGGCCAACTACGTGCCAGCAGCCGCGGTAATACGTAGGGTGCAAGCGTTGTCCGGAATTATTGGGCGTAAAGAGCTCGTAGGCGGTGTGTCGCGTCTGCCGTGAAAACCTGCGGCTTAACCGTGGGCGTGCGGTGGATACGGGCACACTTGAGTTCGGTAGGGGAGACTGGAATTCCTGGTGTAGCGGTGGAATGCGCAGATATCAGGAGGAACACCAGTGGCGAAGGCGGGTCTCTGGGCCGAAACTGACGCTGAGGAGCGAAAGCGTGGGGAGCGAACAGGATTAGATACC",18,0.354285714285714,58.2724566770713,18
"AGAATCTTGGACAATGTACGAAAGTATGATCCAGCGACGCCGCGTGGAGGATGAAGGAGCTATGCTTCGTAAACTCCTTTTATGAGGGAAGAAGATCTGACGGTACCTCATGAATAAGCCACGGCTAACTACGTGCCAGCAGCCGCGGTAATACGTAGGTGGCAAGCGTTGTCCGGAATTACTGGGCGTAAAGGGTATGTAGGCGGATATTTAAGTAGAAAGTGAAAGGTTGGAGCTCAACTCCGACATTGCTTTCTATACTGGATGTCTTGAGTTTCGGAGAGGAAGATGGAACGACACGTGTAGCGGTGAAATGCGTTGATATGTGTCGGAACACCAATAGCGAAGGCAATCTTCTGGACGAATACTGACGCTGAGATACGAAAGCATGGGTAGCGAACAGGATTAGATACC",15,0.304668304668305,6.74312822867347,15
